[10:58:02] ============================================================
[10:58:02] 开始分批补齐（batch=3, pause=30s, sleep=0.5s, max_batches=0）
[10:58:02] 当前缺 K 线股票数: 5486
[10:58:02] 共 1829 批
[10:58:02] ---- 第 1/1829 批（本批 3 只） ----
[10:58:26] OK   600601 方正科技: 入库 8702 条
[10:58:37] OK   600602 云赛智联: 入库 8702 条
[10:58:49] OK   600651 飞乐音响: 入库 8702 条
[10:58:49] ---- 本批完成，累计 3/5487 ----
[10:58:49] 批间暂停 30 秒...
[10:59:19] ---- 第 2/1829 批（本批 3 只） ----
[10:59:19] 达到 --limit 3，停止
[10:59:45] ============================================================
[10:59:45] 开始分批补齐（batch=100, pause=30s, sleep=0.8s, max_batches=1）
[10:59:45] 当前缺 K 线股票数: 5483
[10:59:45] 共 1 批
[10:59:45] ---- 第 1/1 批（本批 100 只） ----
[11:00:11] OK   600653 申华控股: 入库 8702 条
[11:00:23] OK   600654 中安科: 入库 8702 条
[11:00:36] OK   000009 中国宝安: 入库 8572 条
[11:00:47] OK   600603 广汇物流: 入库 8431 条
[11:00:58] OK   000012 南  玻Ａ: 入库 8400 条
[11:01:10] OK   000016 *ST康佳A: 入库 8380 条
[11:01:20] OK   600604 市北高新: 入库 8380 条
[11:01:32] OK   600605 汇通能源: 入库 8380 条
[11:01:45] OK   600606 绿地控股: 入库 8380 条
[11:01:57] OK   000011 深物业A: 入库 8379 条
[11:02:09] OK   000017 深中华A: 入库 8378 条
[11:02:19] OK   000007 全新好: 入库 8369 条
[11:02:31] OK   000006 深振业Ａ: 入库 8359 条
[11:02:42] OK   000020 深华发Ａ: 入库 8358 条
[11:02:53] OK   000008 神州高铁: 入库 8352 条
[11:03:07] OK   000014 沙河股份: 入库 8334 条
[11:03:20] OK   600609 金杯汽车: 入库 8296 条
[11:03:29] OK   600610 中毅达: 入库 8288 条
[11:03:40] OK   600611 大众交通: 入库 8286 条
[11:03:56] OK   600612 老凤祥: 入库 8281 条
[11:04:10] OK   600613 神奇制药: 入库 8277 条
[11:04:22] OK   600655 豫园股份: 入库 8268 条
[11:04:39] OK   600615 鑫源智造: 入库 8262 条
[11:04:50] OK   600616 金枫酒业: 入库 8249 条
[11:05:01] OK   000019 深粮控股: 入库 8242 条
[11:05:14] OK   600617 国新能源: 入库 8241 条
[11:05:24] OK   600618 氯碱化工: 入库 8218 条
[11:05:36] OK   600619 海立股份: 入库 8217 条
[11:05:47] OK   600620 天宸股份: 入库 8216 条
[11:05:58] OK   000501 武商集团: 入库 8213 条
[11:06:08] OK   000503 国新健康: 入库 8207 条
[11:06:19] OK   600621 华鑫股份: 入库 8205 条
[11:06:30] OK   600622 光大嘉宝: 入库 8204 条
[11:06:41] OK   600623 华谊集团: 入库 8203 条
[11:06:53] OK   000504 南华生物: 入库 8201 条
[11:07:04] OK   000505 京粮控股: 入库 8192 条
[11:07:16] OK   600624 ST复华: 入库 8182 条
[11:07:26] OK   600626 申达股份: 入库 8180 条
[11:07:36] OK   600628 新世界: 入库 8172 条
[11:07:48] OK   600629 华建集团: 入库 8159 条
[11:08:01] OK   600630 龙头股份: 入库 8159 条
[11:08:15] OK   600633 浙数文化: 入库 8142 条
[11:08:27] OK   600635 XD大众公: 入库 8142 条
[11:08:37] OK   000506 招金黄金: 入库 8136 条
[11:08:49] OK   600637 东方明珠: 入库 8134 条
[11:09:00] OK   000507 珠海港: 入库 8126 条
[11:09:10] OK   600638 新黄浦: 入库 8126 条
[11:09:21] OK   600639 浦东金桥: 入库 8126 条
[11:09:31] OK   600640 国脉文化: 入库 8118 条
[11:09:39] OK   600641 先导基电: 入库 8118 条
[11:09:56] OK   600642 申能股份: 入库 8111 条
[11:10:13] OK   600643 爱建集团: 入库 8105 条
[11:10:27] OK   600644 乐山电力: 入库 8105 条
[11:10:42] OK   600645 中源协和: 入库 8099 条
[11:10:58] OK   600648 外高桥: 入库 8099 条
[11:11:15] OK   001872 招商港口: 入库 8097 条
[11:11:30] OK   000509 华塑控股: 入库 8096 条
[11:11:48] OK   000510 新金路: 入库 8096 条
[11:12:21] OK   600649 城投控股: 入库 8089 条
[11:12:42] OK   600657 信达地产: 入库 8085 条
[11:13:02] OK   600658 电子城: 入库 8085 条
[11:13:15] OK   000026 飞亚达: 入库 8077 条
[11:13:32] OK   600650 锦江在线: 入库 8075 条
[11:13:47] OK   600660 福耀玻璃: 入库 8072 条
[11:14:02] OK   600661 昂立教育: 入库 8070 条
[11:14:14] OK   600662 外服控股: 入库 8070 条
[11:14:27] OK   000025 特  力Ａ: 入库 8065 条
[11:14:45] OK   600663 陆家嘴: 入库 8060 条
[11:15:00] OK   600664 哈药股份: 入库 8059 条
[11:15:27] OK   600665 天地源: 入库 8051 条
[11:15:45] OK   000514 渝 开 发: 入库 8050 条
[11:15:59] OK   600666 奥瑞德: 入库 8050 条
[11:16:12] OK   600667 太极实业: 入库 8038 条
[11:16:26] OK   600668 尖峰集团: 入库 8038 条
[11:16:39] OK   000517 荣安地产: 入库 8031 条
[11:16:55] OK   000028 国药一致: 入库 8030 条
[11:17:11] OK   000516 国际医学: 入库 8030 条
[11:17:24] OK   600671 天目药业: 入库 8020 条
[11:17:38] OK   600600 青岛啤酒: 入库 8016 条
[11:17:52] OK   000027 深圳能源: 入库 8011 条
[11:18:08] OK   000518 四环生物: 入库 8008 条
[11:18:26] OK   000029 深深房Ａ: 入库 8003 条
[11:18:39] OK   600673 东阳光: 入库 8001 条
[11:18:57] OK   600674 川投能源: 入库 7996 条
[11:19:11] OK   600675 中华企业: 入库 7996 条
[11:19:27] OK   600676 久事动娱: 入库 7994 条
[11:19:42] OK   000030 富奥股份: 入库 7993 条
[11:19:54] OK   000031 大悦城: 入库 7987 条
[11:20:09] OK   000519 中兵红箭: 入库 7987 条
[11:20:22] OK   600678 ST金顶: 入库 7987 条
[11:20:35] OK   600679 上海凤凰: 入库 7987 条
[11:20:47] OK   000521 长虹美菱: 入库 7981 条
[11:20:59] OK   600681 百川能源: 入库 7981 条
[11:21:13] OK   600682 南京新百: 入库 7981 条
[11:21:27] OK   000520 凤凰航运: 入库 7976 条
[11:21:39] OK   600683 京投发展: 入库 7976 条
[11:21:57] OK   000032 深桑达Ａ: 入库 7973 条
[11:22:16] OK   000513 丽珠集团: 入库 7973 条
[11:22:32] OK   000525 红太阳: 入库 7973 条
[11:22:49] OK   600684 珠江股份: 入库 7973 条
[11:22:50] ---- 本批完成，累计 100/100 ----
[11:22:50] ============================================================
[11:22:50] 本次结束: 成功 103, 失败 0（失败清单见 _backfill_failed.json，重跑自动重试）
[11:22:59] ============================================================
[11:22:59] 开始分批补齐（batch=100, pause=30s, sleep=0.8s, max_batches=0）
[11:22:59] 当前缺 K 线股票数: 5383
[11:22:59] 共 54 批
[11:22:59] ---- 第 1/54 批（本批 100 只） ----
[11:23:22] OK   600685 中船防务: 入库 7973 条
[11:23:37] OK   000526 学大教育: 入库 7971 条
[11:23:50] OK   000523 红棉股份: 入库 7966 条
[11:24:07] OK   600686 金龙汽车: 入库 7966 条
[11:24:20] OK   600688 上海石化: 入库 7966 条
[11:24:38] OK   600689 上海三毛: 入库 7966 条
[11:25:00] OK   000524 岭南控股: 入库 7958 条
[11:25:17] OK   000528 柳    工: 入库 7958 条
[11:25:31] OK   000529 广弘控股: 入库 7958 条
[11:25:45] OK   600690 海尔智家: 入库 7957 条
[11:25:58] OK   600691 潞化科技: 入库 7957 条
[11:26:21] OK   600692 亚通股份: 入库 7957 条
[11:26:45] OK   600693 东百集团: 入库 7956 条
[11:27:05] OK   600694 大商股份: 入库 7956 条
[11:27:20] OK   000541 佛山照明: 入库 7955 条
[11:27:34] OK   000536 华映科技: 入库 7952 条
[11:27:48] OK   000539 粤电力Ａ: 入库 7952 条
[11:28:02] OK   000547 航天发展: 入库 7950 条
[11:28:17] OK   000550 江铃汽车: 入库 7949 条
[11:28:32] OK   000553 安道麦A: 入库 7947 条
[11:28:46] OK   600697 欧亚集团: 入库 7946 条
[11:28:57] OK   600698 湖南天雁: 入库 7946 条
[11:29:12] OK   600699 均胜电子: 入库 7946 条
[11:29:22] OK   600800 渤海化学: 入库 7946 条
[11:29:45] OK   000530 冰山冷热: 入库 7944 条
[11:29:59] OK   000544 中原环保: 入库 7944 条
[11:30:13] OK   000537 绿发电力: 入库 7942 条
[11:30:28] OK   000538 云南白药: 入库 7939 条
[11:30:40] OK   000545 金浦钛业: 入库 7939 条
[11:30:54] OK   000546 金圆股份: 入库 7939 条
[11:31:13] OK   000554 泰山石油: 入库 7939 条
[11:31:30] OK   000543 皖能电力: 入库 7936 条
[11:31:47] OK   000548 湖南投资: 入库 7936 条
[11:32:01] OK   000532 华金资本: 入库 7926 条
[11:32:15] OK   000533 顺钠股份: 入库 7926 条
[11:32:30] OK   600801 华新建材: 入库 7926 条
[11:32:44] OK   600802 福建水泥: 入库 7926 条
[11:32:57] OK   600803 新奥股份: 入库 7926 条
[11:33:16] OK   600805 悦达投资: 入库 7926 条
[11:33:30] OK   600807 济高发展: 入库 7926 条
[11:33:49] OK   000531 穗恒运Ａ: 入库 7923 条
[11:34:05] OK   000551 创元科技: 入库 7923 条
[11:34:20] OK   000552 甘肃能化: 入库 7923 条
[11:34:36] OK   600808 马钢股份: 入库 7923 条
[11:35:09] OK   600809 山西汾酒: 入库 7923 条
[11:35:27] OK   600810 神马股份: 入库 7923 条
[11:35:47] OK   000534 万泽股份: 入库 7921 条
[11:36:03] OK   000559 万向钱潮: 入库 7921 条
[11:36:17] OK   000563 陕国投Ａ: 入库 7921 条
[11:36:31] OK   000564 供销大集: 入库 7921 条
[11:36:45] OK   600812 华北制药: 入库 7917 条
[11:37:04] OK   600814 杭州解百: 入库 7917 条
[11:37:19] OK   600815 厦工股份: 入库 7907 条
[11:37:35] OK   600816 建元信托: 入库 7907 条
[11:37:50] OK   600817 宇通重工: 入库 7907 条
[11:38:04] OK   600818 ST中路: 入库 7907 条
[11:38:21] OK   600819 耀皮玻璃: 入库 7907 条
[11:38:39] OK   600820 隧道股份: 入库 7907 条
[11:38:55] OK   600821 金开新能: 入库 7907 条
[11:39:09] OK   000560 我爱我家: 入库 7904 条
[11:39:26] OK   600822 上海物贸: 入库 7902 条
[11:39:43] OK   600824 益民集团: 入库 7902 条
[11:40:03] OK   600825 新华传媒: 入库 7902 条
[11:40:18] OK   600826 兰生股份: 入库 7902 条
[11:40:31] ============================================================
[11:40:31] 开始分批补齐（batch=100, pause=30s, sleep=0.8s, max_batches=0, retries=3）
[11:40:32] 当前缺 K 线股票数: 5319
[11:40:32] 共 54 批
[11:40:32] ---- 第 1/54 批（本批 100 只） ----
[11:40:58] OK   600827 百联股份: 入库 7902 条
[11:41:17] OK   600828 茂业商业: 入库 7893 条
[11:41:35] OK   600829 人民同泰: 入库 7893 条
[11:41:50] OK   600830 香溢融通: 入库 7893 条
[11:42:17] OK   600831 广电网络: 入库 7893 条
[11:42:41] OK   600833 第一医药: 入库 7893 条
[11:43:04] OK   600834 申通地铁: 入库 7893 条
[11:43:19] OK   600835 上海机电: 入库 7893 条
[11:43:36] OK   600838 上海九百: 入库 7893 条
[11:43:52] OK   600839 四川长虹: 入库 7882 条
[11:44:13] OK   600841 动力新科: 入库 7882 条
[11:44:29] OK   600843 上工申贝: 入库 7882 条
[11:44:43] OK   600844 金煤科技: 入库 7882 条
[11:45:10] OK   600845 宝信软件: 入库 7882 条
[11:45:25] OK   600846 同济科技: 入库 7882 条
[11:45:39] OK   600847 万里股份: 入库 7873 条
[11:46:15] OK   600848 上海临港: 入库 7873 条
[11:46:32] OK   600850 电科数字: 入库 7873 条
[11:46:57] OK   601607 上海医药: 入库 7873 条
[11:47:17] OK   600851 海欣股份: 入库 7866 条
[11:47:46] OK   600853 龙建股份: 入库 7866 条
[11:48:02] OK   000035 中国天楹: 入库 7862 条
[11:48:22] OK   000039 中集集团: 入库 7862 条
[11:48:44] OK   000555 神州信息: 入库 7862 条
[11:49:11] OK   000565 渝三峡Ａ: 入库 7862 条
[11:49:34] OK   600854 春兰股份: 入库 7851 条
[11:49:56] OK   600855 航天长峰: 入库 7851 条
[11:50:21] OK   600857 宁波中百: 入库 7851 条
[11:50:36] OK   600858 银座股份: 入库 7843 条
[11:50:58] OK   600859 王府井: 入库 7843 条
[11:51:12] OK   600860 京城股份: 入库 1023 条
[11:51:15] OK   000034 神州数码: 入库 1023 条
[11:51:18] OK   000558 天府文旅: 入库 1023 条
[11:51:20] OK   000561 烽火电子: 入库 1023 条
[11:51:25] OK   000568 泸州老窖: 入库 1023 条
[11:51:27] OK   600861 北京人力: 入库 1023 条
[11:51:30] OK   600862 中航高科: 入库 1023 条
[11:51:34] OK   600863 华能蒙电: 入库 1023 条
[11:51:37] OK   000566 海南海药: 入库 1023 条
[11:51:41] OK   000567 海德股份: 入库 1023 条
[11:51:44] OK   000571 新大洲A: 入库 1023 条
[11:51:51] OK   000036 华联控股: 入库 1023 条
[11:51:56] OK   000557 西部创业: 入库 1023 条
[11:52:02] OK   000037 深南电A: 入库 1023 条
[11:52:07] OK   000570 苏常柴Ａ: 入库 1023 条
[11:52:13] OK   000572 海马汽车: 入库 1023 条
[11:52:17] OK   600864 哈投股份: 入库 1023 条
[11:52:23] OK   600865 百大集团: 入库 1023 条
[11:52:31] OK   000045 深纺织Ａ: 入库 1023 条
[11:52:35] OK   000573 粤宏远Ａ: 入库 1023 条
[11:52:42] OK   600866 星湖科技: 入库 1023 条
[11:52:47] OK   600867 通化东宝: 入库 1023 条
[11:52:52] OK   000576 甘化科工: 入库 1023 条
[11:52:58] OK   600868 梅雁吉祥: 入库 1023 条
[11:53:05] OK   000042 中洲控股: 入库 1023 条
[11:53:10] OK   001914 招商积余: 入库 1023 条
[11:53:17] OK   000048 京基智农: 入库 1023 条
[11:53:27] OK   600872 中炬高新: 入库 1023 条
[11:53:33] OK   600869 远东股份: 入库 1023 条
[11:53:39] OK   600873 梅花生物: 入库 1023 条
[11:53:43] OK   000050 深天马Ａ: 入库 1023 条
[11:53:50] OK   000049 德赛电池: 入库 1023 条
[11:53:56] OK   600871 石化油服: 入库 1023 条
[11:54:00] OK   600874 创业环保: 入库 1023 条
[11:54:05] OK   600875 东方电气: 入库 1023 条
[11:54:10] OK   600877 电科芯片: 入库 1023 条
[11:54:16] OK   000010 *ST美丽: 入库 1023 条
[11:54:20] OK   600876 凯盛新能: 入库 1023 条
[11:54:24] OK   000582 北部湾港: 入库 1023 条
[11:54:26] OK   600879 航天电子: 入库 1023 条
[11:54:30] OK   600880 博瑞传播: 入库 1023 条
[11:54:35] OK   600881 亚泰集团: 入库 1023 条
[11:54:39] OK   600882 妙可蓝多: 入库 1023 条
[11:54:43] OK   600883 博闻科技: 入库 1023 条
[11:54:46] OK   000586 汇源通信: 入库 1023 条
[11:54:49] OK   600886 国投电力: 入库 1023 条
[11:54:52] OK   000590 古汉医药: 入库 1023 条
[11:54:57] OK   600884 杉杉股份: 入库 1023 条
[11:55:01] OK   600885 宏发股份: 入库 1023 条
[11:55:10] OK   000591 太阳能: 入库 1023 条
[11:55:16] OK   600888 新疆众和: 入库 1023 条
[11:55:20] OK   000589 贵州轮胎: 入库 1023 条
[11:55:24] OK   600889 *ST京化: 入库 1023 条
[11:55:27] OK   000593 德龙汇能: 入库 1023 条
[11:55:31] OK   600887 伊利股份: 入库 1023 条
[11:55:34] OK   600892 大晟文化: 入库 1023 条
[11:55:38] OK   000592 平潭发展: 入库 1023 条
[11:55:41] OK   600894 广日股份: 入库 1023 条
[11:55:44] OK   600893 航发动力: 入库 1023 条
[11:55:48] OK   000055 方大集团: 入库 1023 条
[11:55:51] OK   000595 新能股份: 入库 1023 条
[11:55:54] OK   600895 张江高科: 入库 1023 条
[11:55:57] OK   000599 青岛双星: 入库 1023 条
[11:56:00] OK   600706 曲江文旅: 入库 1023 条
[11:56:03] OK   000597 东北制药: 入库 1023 条
[11:56:06] OK   600702 舍得酒业: 入库 1023 条
[11:56:10] OK   600703 三安光电: 入库 1023 条
[11:56:13] OK   000598 兴蓉环境: 入库 1023 条
[11:56:16] OK   600711 盛屯矿业: 入库 1023 条
[11:56:20] OK   600897 厦门空港: 入库 1023 条
[11:56:21] ---- 本批完成，累计 100/5400 ----
[11:56:21] 批间暂停 30 秒...
[11:56:51] ---- 第 2/54 批（本批 100 只） ----
[11:57:04] OK   000600 建投能源: 入库 1023 条
[11:57:11] OK   600704 物产中大: 入库 1023 条
[11:57:16] OK   600708 光明地产: 入库 1023 条
[11:57:20] OK   600714 金瑞矿业: 入库 1023 条
[11:57:25] OK   000401 金隅冀东: 入库 1023 条
[11:57:29] OK   600717 天津港: 入库 1023 条
[11:57:32] OK   600718 东软集团: 入库 1023 条
[11:57:36] OK   000404 长虹华意: 入库 1023 条
[11:57:40] OK   000402 金 融 街: 入库 1023 条
[11:57:44] OK   600712 南宁百货: 入库 1023 条
[11:57:48] OK   600721 百花医药: 入库 1023 条
[11:57:52] OK   600722 金牛化工: 入库 1023 条
[11:57:55] OK   000409 云鼎科技: 入库 1023 条
[11:57:59] OK   000403 派林生物: 入库 1023 条
[11:58:03] OK   000408 藏格矿业: 入库 1023 条
[11:58:06] OK   600710 苏美达: 入库 1023 条
[11:58:10] OK   600713 南京医药: 入库 1023 条
[11:58:14] OK   600715 文投控股: 入库 1023 条
[11:58:18] OK   600726 华电能源: 入库 1023 条
[11:58:23] OK   600716 凤凰股份: 入库 1023 条
[11:58:27] OK   600725 云维股份: 入库 1023 条
[11:58:33] OK   600727 鲁北化工: 入库 1023 条
[11:58:38] OK   600729 重百集团: 入库 1023 条
[11:58:44] OK   000407 胜利股份: 入库 1023 条
[11:58:47] OK   000056 *ST皇庭: 入库 1023 条
[11:58:51] OK   000411 英特集团: 入库 1023 条
[11:58:55] OK   000415 渤海租赁: 入库 1023 条
[11:58:58] OK   600719 大连热电: 入库 1023 条
[11:59:01] OK   600720 中交设计: 入库 1023 条
[11:59:04] OK   600724 宁波富达: 入库 1023 条
[11:59:07] OK   600728 佳都科技: 入库 1023 条
[11:59:10] OK   000410 沈阳机床: 入库 1023 条
[11:59:13] OK   600730 *ST高科: 入库 1023 条
[11:59:16] OK   600735 ST新华锦: 入库 1023 条
[11:59:20] OK   000423 东阿阿胶: 入库 1023 条
[11:59:23] OK   600737 中粮糖业: 入库 1023 条
[11:59:25] OK   000420 吉林化纤: 入库 1023 条
[11:59:28] OK   600731 湖南海利: 入库 1023 条
[11:59:32] OK   600738 丽尚国潮: 入库 1023 条
[11:59:36] OK   000421 南京公用: 入库 1023 条
[11:59:39] OK   000428 华天酒店: 入库 1023 条
[11:59:42] OK   600734 *ST实达: 入库 1023 条
[11:59:46] OK   600740 山西焦化: 入库 1023 条
[11:59:49] OK   000417 合百集团: 入库 1023 条
[11:59:57] OK   000422 湖北宜化: 入库 1023 条
[12:00:03] OK   600736 苏州高新: 入库 1023 条
[12:00:09] OK   000419 通程控股: 入库 1023 条
[12:00:14] OK   600732 爱旭股份: 入库 1023 条
[12:00:19] OK   600733 北汽蓝谷: 入库 1023 条
[12:00:24] OK   600739 辽宁成大: 入库 1023 条
[12:00:30] OK   000603 盛达资源: 入库 1023 条
[12:00:36] OK   600741 华域汽车: 入库 1023 条
[12:00:42] OK   600742 富维股份: 入库 1023 条
[12:00:48] OK   000425 徐工机械: 入库 1023 条
[12:00:54] OK   000426 兴业银锡: 入库 1023 条
[12:01:00] OK   600745 *ST闻泰: 入库 1023 条
[12:01:06] OK   000430 张家界: 入库 1023 条
[12:01:12] OK   000601 韶能股份: 入库 1023 条
[12:01:17] OK   000607 华媒控股: 入库 1023 条
[12:01:34] OK   600744 华银电力: 入库 1023 条
[12:01:39] OK   600743 华远控股: 入库 1023 条
[12:01:46] OK   600751 海航科技: 入库 1023 条
[12:01:52] OK   000605 渤海股份: 入库 1023 条
[12:01:58] OK   600746 江苏索普: 入库 1023 条
[12:02:03] OK   000608 阳光股份: 入库 1023 条
[12:02:09] OK   600750 华润江中: 入库 1023 条
[12:02:15] OK   600756 浪潮软件: 入库 1023 条
[12:02:21] OK   600748 上实发展: 入库 1023 条
[12:02:27] OK   000610 *ST西旅: 入库 1023 条
[12:02:32] OK   000612 焦作万方: 入库 1023 条
[12:02:40] OK   000596 古井贡酒: 入库 1023 条
[12:02:46] OK   600753 ST海钦: 入库 1023 条
[12:02:53] OK   600755 厦门国贸: 入库 1023 条
[13:34:46] OK   600757 长江传媒: 入库 1023 条
[13:34:49] OK   600759 ST洲际: 入库 1023 条
[13:34:52] OK   600761 安徽合力: 入库 1023 条
[13:34:56] OK   000609 *ST中迪: 入库 1023 条
[13:34:58] OK   600754 锦江酒店: 入库 1023 条
[13:35:01] OK   600760 中航沈飞: 入库 1023 条
[13:35:04] OK   600749 西藏旅游: 入库 1023 条
[13:35:07] OK   000615 *ST美谷: 入库 1023 条
[13:35:10] OK   000617 中油资本: 入库 1023 条
[13:35:13] OK   000619 海螺新材: 入库 1023 条
[13:35:16] OK   000623 吉林敖东: 入库 1023 条
[13:35:20] OK   000620 盈新发展: 入库 1023 条
[13:35:23] OK   600758 辽宁能源: 入库 1023 条
[13:35:27] OK   600763 通策医疗: 入库 1023 条
[13:35:30] OK   600769 祥龙电业: 入库 1023 条
[13:35:32] OK   600764 中国海防: 入库 1023 条
[13:35:36] OK   600771 广誉远: 入库 1023 条
[13:35:39] OK   600765 中航重机: 入库 1023 条
[13:35:42] OK   600773 西藏城投: 入库 1023 条
[13:35:45] OK   600774 汉商集团: 入库 1023 条
[13:35:48] OK   600768 宁波富邦: 入库 1023 条
[13:35:51] OK   000633 合金投资: 入库 1023 条
[13:35:53] OK   000637 茂化实华: 入库 1023 条
[13:35:56] OK   000629 钒钛股份: 入库 1023 条
[13:35:59] OK   000628 高新发展: 入库 1023 条
[13:36:06] OK   000651 格力电器: 入库 1023 条
[13:36:10] OK   600775 南京熊猫: 入库 1023 条
[13:36:10] ---- 本批完成，累计 200/5400 ----
[13:36:10] 批间暂停 30 秒...
[13:36:40] ---- 第 3/54 批（本批 100 只） ----
[13:36:43] OK   000630 铜陵有色: 入库 1023 条
[13:36:47] OK   000635 英 力 特: 入库 1023 条
[13:36:50] OK   600770 综艺股份: 入库 1023 条
[13:36:54] OK   000632 ST三木: 入库 1023 条
[13:36:57] OK   600777 新潮能源: 入库 1023 条
[13:37:01] OK   000631 顺发恒能: 入库 1023 条
[13:37:05] OK   000639 ST西王: 入库 1023 条
[13:37:08] OK   600776 东方通信: 入库 1023 条
[13:37:12] OK   000626 远大控股: 入库 1023 条
[13:37:16] OK   000652 泰达股份: 入库 1023 条
[13:37:19] OK   000655 金岭矿业: 入库 1023 条
[13:37:23] OK   000656 金科股份: 入库 1023 条
[13:37:27] OK   000659 珠海中富: 入库 1023 条
[13:37:30] OK   600778 友好集团: 入库 1023 条
[13:37:34] OK   600780 通宝能源: 入库 1023 条
[13:37:38] OK   000663 永安林业: 入库 1023 条
[13:37:41] OK   600779 水井坊: 入库 1023 条
[13:37:45] OK   000650 仁和药业: 入库 1023 条
[13:37:48] OK   000665 湖北广电: 入库 1023 条
[13:37:52] OK   000668 荣丰控股: 入库 1023 条
[13:37:56] OK   000669 ST金鸿: 入库 1023 条
[13:38:00] OK   000670 盈方微: 入库 1023 条
[13:38:04] OK   000661 长春高新: 入库 1023 条
[13:38:07] OK   000672 上峰材料: 入库 1023 条
[13:38:12] OK   000676 智度股份: 入库 1023 条
[13:38:15] OK   600782 新钢股份: 入库 1023 条
[13:38:19] OK   600783 鲁信创投: 入库 1023 条
[13:38:23] OK   600784 鲁银投资: 入库 1023 条
[13:38:28] OK   000058 深 赛 格: 入库 1023 条
[13:38:32] OK   000677 ST海龙: 入库 1023 条
[13:38:35] OK   000678 襄阳轴承: 入库 1023 条
[13:38:39] OK   600785 新华百货: 入库 1023 条
[13:38:43] OK   000061 农 产 品: 入库 1023 条
[13:38:47] OK   000688 国城矿业: 入库 1023 条
[13:38:51] OK   000681 视觉中国: 入库 1023 条
[13:38:55] OK   000682 东方电子: 入库 1023 条
[13:38:59] OK   600787 中储股份: 入库 1023 条
[13:39:03] OK   000680 山推股份: 入库 1023 条
[13:39:08] OK   000060 中金岭南: 入库 1023 条
[13:39:12] OK   000685 中山公用: 入库 1023 条
[13:39:16] OK   600792 云煤能源: 入库 1023 条
[13:39:20] OK   000679 大连友谊: 入库 1023 条
[13:39:24] OK   000690 宝新能源: 入库 1023 条
[13:39:28] OK   000059 华锦股份: 入库 1023 条
[13:39:32] OK   000062 深圳华强: 入库 1023 条
[13:39:36] OK   600791 京能置业: 入库 1023 条
[13:39:40] OK   000683 博源化工: 入库 1023 条
[13:39:43] OK   000695 滨海能源: 入库 1023 条
[13:39:47] OK   000698 ST沈化: 入库 1023 条
[13:39:51] OK   600793 宜宾纸业: 入库 1023 条
[13:39:55] OK   000701 厦门信达: 入库 1023 条
[13:39:58] OK   600789 鲁抗医药: 入库 1023 条
[13:40:03] OK   000686 东北证券: 入库 1023 条
[13:40:07] OK   000692 惠天热电: 入库 1023 条
[13:40:10] OK   000691 亚太实业: 入库 1023 条
[13:40:15] OK   000700 模塑科技: 入库 1023 条
[13:40:18] OK   600790 轻纺城: 入库 1023 条
[13:40:22] OK   600794 保税科技: 入库 1023 条
[13:40:26] OK   000702 正虹科技: 入库 1023 条
[13:40:30] OK   600795 国电电力: 入库 1023 条
[13:40:34] OK   000697 炼石航空: 入库 1023 条
[13:40:39] OK   000703 恒逸石化: 入库 1023 条
[13:40:43] OK   000719 中原传媒: 入库 1023 条
[13:40:46] OK   000718 苏宁环球: 入库 1023 条
[13:40:50] OK   600796 钱江生化: 入库 1023 条
[13:40:54] OK   000705 浙江震元: 入库 1023 条
[13:40:58] OK   600051 宁波联合: 入库 1023 条
[13:41:01] OK   000711 ST京蓝: 入库 1023 条
[13:41:07] OK   000707 双环科技: 入库 1023 条
[13:41:11] OK   000712 锦龙股份: 入库 1023 条
[13:41:15] OK   600052 东望时代: 入库 1023 条
[13:41:19] OK   000709 河钢股份: 入库 1023 条
[13:41:22] OK   000758 中色股份: 入库 1023 条
[13:41:26] OK   000400 许继电气: 入库 1023 条
[13:41:30] OK   000716 黑芝麻: 入库 1023 条
[13:41:33] OK   600053 *ST九鼎: 入库 1023 条
[13:41:37] OK   600797 浙大网新: 入库 1023 条
[13:41:41] OK   000710 贝瑞基因: 入库 1023 条
[13:41:44] OK   000713 国投丰乐: 入库 1023 条
[13:41:48] OK   600060 海信视像: 入库 1023 条
[13:41:52] OK   600798 宁波海运: 入库 1023 条
[13:41:55] OK   000736 中交发展: 入库 1023 条
[13:41:59] OK   000737 北方铜业: 入库 1023 条
[13:42:03] OK   000721 西安饮食: 入库 1023 条
[13:42:06] OK   000766 通化金马: 入库 1023 条
[13:42:10] OK   600054 黄山旅游: 入库 1023 条
[13:42:14] OK   600064 南京高科: 入库 1023 条
[13:42:18] OK   000715 中兴商业: 入库 1023 条
[13:42:21] OK   000717 中南股份: 入库 1023 条
[13:42:25] OK   600066 宇通客车: 入库 1023 条
[13:42:29] OK   600067 冠城新材: 入库 1023 条
[13:42:32] OK   000720 新能泰山: 入库 1023 条
[13:42:36] OK   000739 普洛药业: 入库 1023 条
[13:42:40] OK   000723 美锦能源: 入库 1023 条
[13:42:43] OK   600056 中国医药: 入库 1023 条
[13:42:47] OK   600059 古越龙山: 入库 1023 条
[13:42:51] OK   000759 中百集团: 入库 1023 条
[13:42:54] OK   600055 万东医疗: 入库 1023 条
[13:42:58] OK   600061 国投资本: 入库 1023 条
[13:43:02] OK   000727 冠捷科技: 入库 1023 条
[13:43:03] ---- 本批完成，累计 300/5400 ----
[13:43:03] 批间暂停 30 秒...
[13:43:33] ---- 第 4/54 批（本批 100 只） ----
[13:43:35] OK   000722 湖南发展: 入库 1023 条
[13:43:39] OK   600062 华润双鹤: 入库 1023 条
[13:43:43] OK   600076 康欣新材: 入库 1023 条
[13:43:47] OK   000779 甘咨询: 入库 1023 条
[13:43:51] OK   600058 五矿发展: 入库 1023 条
[13:43:55] OK   600063 皖维高新: 入库 1023 条
[13:43:59] OK   600071 凤凰光学: 入库 1023 条
[13:44:02] OK   600072 中船科技: 入库 1023 条
[13:44:06] OK   600057 厦门象屿: 入库 1023 条
[13:44:10] OK   000778 新兴铸管: 入库 1023 条
[13:44:13] OK   000786 北新建材: 入库 1023 条
[13:44:17] OK   600079 ST人福: 入库 1023 条
[13:44:20] OK   000498 山东路桥: 入库 1023 条
[13:44:24] OK   000767 晋控电力: 入库 1023 条
[13:44:28] OK   000625 长安汽车: 入库 1023 条
[13:44:32] OK   000068 华控赛格: 入库 1023 条
[13:44:35] OK   000735 罗 牛 山: 入库 1023 条
[13:44:39] OK   000776 广发证券: 入库 1023 条
[13:44:43] OK   600080 ST金花: 入库 1023 条
[13:44:47] OK   000728 国元证券: 入库 1023 条
[13:44:51] OK   000788 北大医药: 入库 1023 条
[13:44:54] OK   600088 中视传媒: 入库 1023 条
[13:44:58] OK   000731 四川美丰: 入库 1023 条
[13:45:02] OK   000828 东莞控股: 入库 1023 条
[13:45:05] OK   600075 新疆天业: 入库 1023 条
[13:45:09] OK   000800 一汽解放: 入库 1023 条
[13:45:13] OK   600089 特变电工: 入库 1023 条
[13:45:17] OK   600106 重庆路桥: 入库 1023 条
[13:45:20] OK   000782 恒申新材: 入库 1023 条
[13:45:24] OK   600097 开创国际: 入库 1023 条
[13:45:28] OK   600082 ST海泰: 入库 1023 条
[13:45:32] OK   000752 *ST西发: 入库 1023 条
[13:45:35] OK   000819 岳阳兴长: 入库 1023 条
[13:45:39] OK   600085 同仁堂: 入库 1023 条
[13:45:43] OK   000066 中国长城: 入库 1023 条
[13:45:46] OK   000738 航发控制: 入库 1023 条
[13:45:51] OK   000751 锌业股份: 入库 1023 条
[13:45:54] OK   000753 漳州发展: 入库 1023 条
[13:45:59] OK   000768 中航西飞: 入库 1023 条
[13:46:03] OK   000838 *ST发展: 入库 1023 条
[13:46:09] OK   000755 山西高速: 入库 1023 条
[13:46:13] OK   000757 浩物股份: 入库 1023 条
[13:46:17] OK   600078 澄星股份: 入库 1023 条
[13:46:20] OK   600100 同方股份: 入库 1023 条
[13:46:24] OK   600101 明星电力: 入库 1023 条
[13:46:28] OK   000733 振华科技: 入库 1023 条
[13:46:31] OK   000796 凯撒旅业: 入库 1023 条
[13:46:35] OK   600081 东风科技: 入库 1023 条
[13:46:39] OK   600094 大名城: 入库 1023 条
[13:46:43] OK   600103 青山纸业: 入库 1023 条
[13:46:46] OK   600073 光明肉业: 入库 1023 条
[13:46:50] OK   600099 林海股份: 入库 1023 条
[13:46:54] OK   000762 西藏矿业: 入库 1023 条
[13:46:57] OK   600095 湘财股份: 入库 1023 条
[13:47:01] OK   000750 国海证券: 入库 1023 条
[13:47:05] OK   600096 云天化: 入库 1023 条
[13:47:09] OK   000777 中核科技: 入库 1023 条
[13:47:12] OK   000785 居然智家: 入库 1023 条
[13:47:16] OK   600084 *ST尼雅: 入库 1023 条
[13:47:20] OK   000797 中国武夷: 入库 1023 条
[13:47:24] OK   000729 燕京啤酒: 入库 1023 条
[13:47:28] OK   000799 酒鬼酒: 入库 1023 条
[13:47:31] OK   600098 广州发展: 入库 1023 条
[13:47:35] OK   000868 安凯客车: 入库 1023 条
[13:47:39] OK   000088 盐 田 港: 入库 1023 条
[13:47:42] OK   000793 ST华闻: 入库 1023 条
[13:47:46] OK   000783 长江证券: 入库 1023 条
[13:47:49] OK   600116 三峡水利: 入库 1023 条
[13:47:53] OK   000756 新华制药: 入库 1023 条
[13:47:57] OK   600109 国金证券: 入库 1023 条
[13:48:00] OK   000795 英洛华: 入库 1023 条
[13:48:04] OK   000816 智慧农业: 入库 1023 条
[13:48:08] OK   600108 亚盛集团: 入库 1023 条
[13:48:11] OK   600128 苏豪弘业: 入库 1023 条
[13:48:15] OK   000792 盐湖股份: 入库 1023 条
[13:48:18] OK   600118 中国卫星: 入库 1023 条
[13:48:22] OK   000069 华侨城Ａ: 入库 1023 条
[13:48:26] OK   000789 万年青: 入库 1023 条
[13:48:29] OK   000863 三湘印象: 入库 1023 条
[13:48:33] OK   600105 永鼎股份: 入库 1023 条
[13:48:36] OK   600110 诺德股份: 入库 1023 条
[13:48:40] OK   000791 甘肃能源: 入库 1023 条
[13:48:44] OK   600117 西宁特钢: 入库 1023 条
[13:48:47] OK   000818 航锦科技: 入库 1023 条
[13:48:51] OK   000888 峨眉山Ａ: 入库 1023 条
[13:48:54] OK   600113 浙江东日: 入库 1023 条
[13:48:58] OK   600132 重庆啤酒: 入库 1023 条
[13:49:02] OK   000839 国安股份: 入库 1023 条
[13:49:05] OK   600115 中国东航: 入库 1023 条
[13:49:09] OK   600107 *ST尔雅: 入库 1023 条
[13:49:13] OK   000848 承德露露: 入库 1023 条
[13:49:16] OK   000063 中兴通讯: 入库 1023 条
[13:49:20] OK   600129 太极集团: 入库 1023 条
[13:49:23] OK   600104 上汽集团: 入库 1023 条
[13:49:27] OK   000899 赣能股份: 入库 1023 条
[13:49:31] OK   600120 浙江东方: 入库 1023 条
[13:49:34] OK   000829 天音控股: 入库 1023 条
[13:49:38] OK   600138 中青旅: 入库 1023 条
[13:49:41] OK   000889 中嘉博创: 入库 1023 条
[13:49:45] OK   000898 鞍钢股份: 入库 1023 条
[13:49:46] ---- 本批完成，累计 400/5400 ----
[13:49:46] 批间暂停 30 秒...
[13:50:16] ---- 第 5/54 批（本批 100 只） ----
[13:50:19] OK   600121 郑州煤电: 入库 1023 条
[13:50:22] OK   000802 北京文化: 入库 1023 条
[13:50:26] OK   000761 本钢板材: 入库 1023 条
[13:50:30] OK   600119 *ST长投: 入库 1023 条
[13:50:33] OK   001896 豫能控股: 入库 1023 条
[13:50:37] OK   600135 乐凯胶片: 入库 1023 条
[13:50:40] OK   000886 海南高速: 入库 1023 条
[13:50:44] OK   000798 中水渔业: 入库 1023 条
[13:50:48] OK   600133 东湖高新: 入库 1023 条
[13:50:51] OK   600009 上海机场: 入库 1023 条
[13:50:55] OK   000429 粤高速Ａ: 入库 1023 条
[13:50:58] OK   000826 *ST启环: 入库 1023 条
[13:51:02] OK   000803 山高环能: 入库 1023 条
[13:51:06] OK   600136 ST明诚: 入库 1023 条
[13:51:08] OK   000876 新 希 望: 入库 1023 条
[13:51:11] OK   600126 杭钢股份: 入库 1023 条
[13:51:17] OK   000790 华神科技: 入库 1023 条
[13:51:21] OK   600158 中体产业: 入库 1023 条
[13:51:25] OK   000880 潍柴重机: 入库 1023 条
[13:51:28] OK   600131 国网信通: 入库 1023 条
[13:51:32] OK   000807 云铝股份: 入库 1023 条
[13:51:36] OK   600137 浪莎股份: 入库 1023 条
[13:51:39] OK   000089 深圳机场: 入库 1023 条
[13:51:43] OK   000858 五 粮 液: 入库 1023 条
[13:51:47] OK   600168 武汉控股: 入库 1023 条
[13:51:50] OK   000801 四川九洲: 入库 1023 条
[13:51:54] OK   600127 金健米业: 入库 1023 条
[13:51:58] OK   600125 铁龙物流: 入库 1023 条
[13:52:01] OK   600157 永泰能源: 入库 1023 条
[13:52:05] OK   000813 德展健康: 入库 1023 条
[13:52:09] OK   000883 湖北能源: 入库 1023 条
[13:52:12] OK   600148 长春一东: 入库 1023 条
[13:52:16] OK   600150 中国船舶: 入库 1023 条
[13:52:20] OK   600159 大龙地产: 入库 1023 条
[13:52:23] OK   600156 华升股份: 入库 1023 条
[13:52:27] OK   000811 冰轮环境: 入库 1023 条
[13:52:31] OK   600165 ST宁科: 入库 1023 条
[13:52:34] OK   000810 创维数字: 入库 1023 条
[13:52:38] OK   000878 云南铜业: 入库 1023 条
[13:52:42] OK   600163 中闽能源: 入库 1023 条
[13:52:45] OK   600166 福田汽车: 入库 1023 条
[13:52:49] OK   000065 北方国际: 入库 1023 条
[13:52:52] OK   600151 航天机电: 入库 1023 条
[13:52:56] OK   000815 美利云: 入库 1023 条
[13:53:01] OK   600152 维科技术: 入库 1023 条
[13:53:06] OK   600162 香江控股: 入库 1023 条
[13:53:11] OK   000809 和展能源: 入库 1023 条
[13:53:16] OK   000882 华联股份: 入库 1023 条
[13:53:21] OK   600153 建发股份: 入库 1023 条
[13:53:26] OK   600161 天坛生物: 入库 1023 条
[13:53:31] OK   000812 陕西金叶: 入库 1023 条
[13:53:36] OK   600170 上海建工: 入库 1023 条
[13:53:42] OK   000821 ST京机: 入库 1023 条
[13:53:47] OK   600160 巨化股份: 入库 1023 条
[13:53:52] OK   000820 神雾节能: 入库 1023 条
[13:53:57] OK   600188 兖矿能源: 入库 1023 条
[13:54:02] OK   000822 山东海化: 入库 1023 条
[13:54:07] OK   600180 *ST瑞茂: 入库 1023 条
[13:54:12] OK   000830 鲁西化工: 入库 1023 条
[13:54:17] OK   600196 复星医药: 入库 1023 条
[13:54:22] OK   600199 金种子酒: 入库 1023 条
[13:54:27] OK   000856 冀东装备: 入库 1023 条
[13:54:32] OK   600186 莲花控股: 入库 1023 条
[13:54:37] OK   000881 中广核技: 入库 1023 条
[13:54:42] OK   600169 ST太重: 入库 1023 条
[13:54:46] OK   000831 中国稀土: 入库 1023 条
[13:54:51] OK   000862 银星能源: 入库 1023 条
[13:54:56] OK   600155 华创云信: 入库 1023 条
[13:55:01] OK   000581 威孚高科: 入库 1023 条
[13:55:06] OK   600171 上海贝岭: 入库 1023 条
[13:55:11] OK   000837 秦川机床: 入库 1023 条
[13:55:16] OK   000850 华茂股份: 入库 1023 条
[13:55:21] OK   600189 泉阳泉: 入库 1023 条
[13:55:26] OK   600178 东安动力: 入库 1023 条
[13:55:31] OK   000825 太钢不锈: 入库 1023 条
[13:55:36] OK   600198 大唐电信: 入库 1023 条
[13:55:41] OK   000860 顺鑫农业: 入库 1023 条
[13:55:46] OK   600179 安通控股: 入库 1023 条
[13:55:50] OK   000833 粤桂股份: 入库 1023 条
[13:55:55] OK   600187 *ST国中: 入库 1023 条
[13:56:00] OK   000859 国风新材: 入库 1023 条
[13:56:06] OK   600177 雅戈尔: 入库 1023 条
[13:56:11] OK   000852 石化机械: 入库 1023 条
[13:56:16] OK   600172 黄河旋风: 入库 1023 条
[13:56:19] OK   000887 中鼎股份: 入库 1023 条
[13:56:27] OK   600218 全柴动力: 入库 1023 条
[13:56:33] OK   000895 双汇发展: 入库 1023 条
[13:56:38] OK   600191 华资实业: 入库 1023 条
[13:56:43] OK   600123 兰花科创: 入库 1023 条
[13:56:48] OK   000078 ST海王: 入库 1023 条
[13:56:53] OK   000893 亚钾国际: 入库 1023 条
[13:56:58] OK   600192 长城电工: 入库 1023 条
[13:57:03] OK   000877 天山股份: 入库 1023 条
[13:57:06] OK   600195 中牧股份: 入库 1023 条
[13:57:10] OK   000892 欢瑞世纪: 入库 1023 条
[13:57:14] OK   600201 生物股份: 入库 1023 条
[13:57:18] OK   000890 法尔胜: 入库 1023 条
[13:57:22] OK   600228 返利科技: 入库 1023 条
[13:57:26] OK   000900 现代投资: 入库 1023 条
[13:57:29] OK   600167 联美控股: 入库 1023 条
[13:57:30] ---- 本批完成，累计 500/5400 ----
[13:57:30] 批间暂停 30 秒...
[13:58:00] ---- 第 6/54 批（本批 100 只） ----
[13:58:03] OK   000908 石药景峰: 入库 1023 条
[13:58:07] OK   600266 XD城建发: 入库 1023 条
[13:58:11] OK   000928 中钢国际: 入库 1023 条
[13:58:14] OK   600007 中国国贸: 入库 1023 条
[13:58:18] OK   000885 城发环境: 入库 1023 条
[13:58:22] OK   000917 电广传媒: 入库 1023 条
[13:58:25] OK   000901 航天科技: 入库 1023 条
[13:58:29] OK   000902 新洋丰: 入库 1023 条
[13:58:33] OK   000903 ST云动: 入库 1023 条
[13:58:36] OK   600173 卧龙新能: 入库 1023 条
[13:58:40] OK   000897 津滨发展: 入库 1023 条
[13:58:44] OK   000905 厦门港务: 入库 1023 条
[13:58:48] OK   600359 新农开发: 入库 1023 条
[13:58:51] OK   000909 *ST数源: 入库 1023 条
[13:58:55] OK   600182 S佳通: 入库 1023 条
[13:58:59] OK   000913 钱江摩托: 入库 1023 条
[13:59:02] OK   600203 福日电子: 入库 1023 条
[13:59:06] OK   000911 *ST广糖: 入库 1023 条
[13:59:10] OK   000912 泸天化: 入库 1023 条
[13:59:14] OK   600202 哈空调: 入库 1023 条
[13:59:17] OK   000915 华特达因: 入库 1023 条
[13:59:21] OK   000925 众合科技: 入库 1023 条
[13:59:25] OK   600185 珠免集团: 入库 1023 条
[13:59:28] OK   000920 沃顿科技: 入库 1023 条
[13:59:32] OK   600141 兴发集团: 入库 1023 条
[13:59:36] OK   000922 佳电股份: 入库 1023 条
[13:59:39] OK   000926 福星股份: 入库 1023 条
[13:59:43] OK   000929 兰州黄河: 入库 1023 条
[13:59:47] OK   600208 衢州发展: 入库 1023 条
[13:59:51] OK   000910 大亚圣象: 入库 1023 条
[13:59:54] OK   000906 浙商中拓: 入库 1023 条
[13:59:58] OK   000930 中粮科技: 入库 1023 条
[14:00:02] OK   000931 中 关 村: 入库 1023 条
[14:00:05] OK   000921 海信家电: 入库 1023 条
[14:00:09] OK   000923 河钢资源: 入库 1023 条
[14:00:13] OK   600207 安彩高科: 入库 1023 条
[14:00:16] OK   000090 天健集团: 入库 1023 条
[14:00:20] OK   600211 西藏药业: 入库 1023 条
[14:00:24] OK   000927 中国铁物: 入库 1023 条
[14:00:27] OK   600006 东风股份: 入库 1023 条
[14:00:31] OK   000932 华菱钢铁: 入库 1023 条
[14:00:35] OK   000936 华西股份: 入库 1023 条
[14:00:38] OK   600212 绿能慧充: 入库 1023 条
[14:00:42] OK   000935 四川双马: 入库 1023 条
[14:00:46] OK   600210 紫江企业: 入库 1023 条
[14:00:50] OK   000933 神火股份: 入库 1023 条
[14:00:53] OK   000937 冀中能源: 入库 1023 条
[14:00:57] OK   600215 派斯林: 入库 1023 条
[14:01:01] OK   000950 重药控股: 入库 1023 条
[14:01:04] OK   600197 伊力特: 入库 1023 条
[14:01:08] OK   000948 南天信息: 入库 1023 条
[14:01:12] OK   600149 廊坊发展: 入库 1023 条
[14:01:15] OK   000949 新乡化纤: 入库 1023 条
[14:01:19] OK   600216 浙江医药: 入库 1023 条
[14:01:23] OK   000938 紫光股份: 入库 1023 条
[14:01:29] OK   600222 太龙药业: 入库 1023 条
[14:01:33] OK   000952 广济药业: 入库 1023 条
[14:01:37] OK   600226 亨通股份: 入库 1023 条
[14:01:40] OK   000919 金陵药业: 入库 1023 条
[14:01:44] OK   600268 国电南自: 入库 1023 条
[14:01:48] OK   000951 中国重汽: 入库 1023 条
[14:01:51] OK   600221 海航控股: 入库 1023 条
[14:01:55] OK   000953 中哲精化: 入库 1023 条
[14:01:59] OK   600239 ST云城: 入库 1023 条
[14:02:03] OK   000955 欣龙控股: 入库 1023 条
[14:02:06] OK   000959 首钢股份: 入库 1023 条
[14:02:10] OK   600217 中再资环: 入库 1023 条
[14:02:14] OK   000958 电投产融: 入库 1023 条
[14:02:18] OK   600219 南山铝业: 入库 1023 条
[14:02:21] OK   000957 中通客车: 入库 1023 条
[14:02:25] OK   600223 福瑞达: 入库 1023 条
[14:02:29] OK   000962 东方钽业: 入库 1023 条
[14:02:33] OK   600238 ST椰岛: 入库 1023 条
[14:02:36] OK   000963 华东医药: 入库 1023 条
[14:02:40] OK   000960 锡业股份: 入库 1023 条
[14:02:44] OK   600227 赤天化: 入库 1023 条
[14:02:48] OK   600500 中化国际: 入库 1023 条
[14:02:52] OK   000999 华润三九: 入库 1023 条
[14:02:55] OK   600229 城市传媒: 入库 1023 条
[14:02:59] OK   000966 长源电力: 入库 1023 条
[14:03:03] OK   600236 桂冠电力: 入库 1023 条
[14:03:07] OK   000967 盈峰环境: 入库 1023 条
[14:03:10] OK   000965 天保基建: 入库 1023 条
[14:03:14] OK   600230 沧州大化: 入库 1023 条
[14:03:20] OK   600299 安迪苏: 入库 1023 条
[14:03:25] OK   600008 首创环保: 入库 1023 条
[14:03:30] OK   000070 特发信息: 入库 1023 条
[14:03:36] OK   600231 凌钢股份: 入库 1023 条
[14:03:40] OK   000978 桂林旅游: 入库 1023 条
[14:03:43] OK   600269 赣粤高速: 入库 1023 条
[14:03:47] OK   000973 佛塑科技: 入库 1023 条
[14:03:51] OK   600259 中稀有色: 入库 1023 条
[14:03:55] OK   600256 广汇能源: 入库 1023 条
[14:03:59] OK   000301 东方盛虹: 入库 1023 条
[14:04:02] OK   000969 安泰科技: 入库 1023 条
[14:04:06] OK   600258 首旅酒店: 入库 1023 条
[14:04:10] OK   600232 金鹰股份: 入库 1023 条
[14:04:14] OK   000975 山金国际: 入库 1023 条
[14:04:19] OK   000988 华工科技: 入库 1023 条
[14:04:24] OK   600233 圆通速递: 入库 1023 条
[14:04:25] ---- 本批完成，累计 600/5400 ----
[14:04:25] 批间暂停 30 秒...
[14:04:55] ---- 第 7/54 批（本批 100 只） ----
[14:05:00] OK   600237 铜峰电子: 入库 1023 条
[14:05:05] OK   600257 大湖股份: 入库 1023 条
[14:05:10] OK   600234 科新发展: 入库 1023 条
[14:05:15] OK   600235 民丰特纸: 入库 1023 条
[14:05:21] OK   000980 众泰汽车: 入库 1023 条
[14:05:26] OK   000968 蓝焰控股: 入库 1023 条
[14:05:31] OK   000981 山子高科: 入库 1023 条
[14:05:36] OK   600248 陕建股份: 入库 1023 条
[14:05:42] OK   000989 九芝堂: 入库 1023 条
[14:05:47] OK   600262 北方股份: 入库 1023 条
[14:05:52] OK   600300 维维股份: 入库 1023 条
[14:05:58] OK   000990 诚志股份: 入库 1023 条
[14:06:03] OK   600130 波导股份: 入库 1023 条
[14:06:08] OK   600278 东方创业: 入库 1023 条
[14:06:14] OK   600301 华锡有色: 入库 1023 条
[14:06:20] OK   000987 越秀资本: 入库 1023 条
[14:06:26] OK   600018 上港集团: 入库 1023 条
[14:06:34] OK   600261 阳光照明: 入库 1023 条
[14:06:39] OK   600289 ST信通: 入库 1023 条
[14:06:44] OK   000096 广聚能源: 入库 1023 条
[14:06:48] OK   600267 海正药业: 入库 1023 条
[14:06:52] OK   000983 山西焦煤: 入库 1023 条
[14:06:56] OK   000985 大庆华科: 入库 1023 条
[14:07:01] OK   000993 闽东电力: 入库 1023 条
[14:07:05] OK   600279 重庆港: 入库 1023 条
[14:07:09] OK   000995 皇台酒业: 入库 1023 条
[14:07:13] OK   000997 新 大 陆: 入库 1023 条
[14:07:17] OK   600298 安琪酵母: 入库 1023 条
[14:07:21] OK   600265 *ST景谷: 入库 1023 条
[14:07:24] OK   600287 苏豪时尚: 入库 1023 条
[14:07:28] OK   000151 中成股份: 入库 1023 条
[14:07:32] OK   000156 华数传媒: 入库 1023 条
[14:07:36] OK   600282 南钢股份: 入库 1023 条
[14:07:42] OK   600293 三峡新材: 入库 1023 条
[14:07:47] OK   000153 丰原药业: 入库 1023 条
[14:07:52] OK   600246 万通发展: 入库 1023 条
[14:07:58] OK   600358 国旅联合: 入库 1023 条
[14:08:03] OK   000155 川能动力: 入库 1023 条
[14:08:09] OK   000159 国际实业: 入库 1023 条
[14:08:15] OK   000972 中基健康: 入库 1023 条
[14:08:20] OK   600280 中央商场: 入库 1023 条
[14:08:25] OK   600308 华泰股份: 入库 1023 条
[14:08:29] OK   000157 中联重科: 入库 1023 条
[14:08:33] OK   600276 恒瑞医药: 入库 1023 条
[14:08:37] OK   600283 钱江水利: 入库 1023 条
[14:08:43] OK   600285 羚锐制药: 入库 1023 条
[14:08:48] OK   000869 张  裕Ａ: 入库 1023 条
[14:08:53] OK   600366 宁波韵升: 入库 1023 条
[14:08:59] OK   600292 电投水电: 入库 1023 条
[14:09:04] OK   600281 华阳新材: 入库 1023 条
[14:09:09] OK   000488 ST晨鸣: 入库 1023 条
[14:09:15] OK   600243 *ST海华: 入库 1023 条
[14:09:20] OK   600255 鑫科材料: 入库 1023 条
[14:09:26] OK   600337 ST美克: 入库 1023 条
[14:09:31] OK   600241 时代万恒: 入库 1023 条
[14:09:36] OK   600288 大恒科技: 入库 1023 条
[14:09:41] OK   600252 中恒集团: 入库 1023 条
[14:09:45] OK   600422 昆药集团: 入库 1023 条
[14:09:49] OK   600318 新力金融: 入库 1023 条
[14:09:55] OK   000998 隆平高科: 入库 1023 条
[14:10:00] OK   600333 长春燃气: 入库 1023 条
[14:10:06] OK   600019 宝钢股份: 入库 1023 条
[14:10:11] OK   600302 ST标准: 入库 1023 条
[14:10:16] OK   600316 洪都航空: 入库 1023 条
[14:10:21] OK   600038 中直股份: 入库 1023 条
[14:10:27] OK   600016 民生银行: 入库 1023 条
[14:10:31] OK   600307 酒钢宏兴: 入库 1023 条
[14:10:35] OK   600320 振华重工: 入库 1023 条
[14:10:39] OK   600368 五洲交通: 入库 1023 条
[14:10:43] OK   600328 中盐化工: 入库 1023 条
[14:10:47] OK   600345 长江通信: 入库 1023 条
[14:10:51] OK   000726 鲁  泰Ａ: 入库 1023 条
[14:10:55] OK   600323 瀚蓝环境: 入库 1023 条
[14:10:59] OK   600339 中油工程: 入库 1023 条
[14:11:03] OK   600303 曙光股份: 入库 1023 条
[14:11:07] OK   600338 西藏珠峰: 入库 1023 条
[14:11:11] OK   600398 海澜之家: 入库 1023 条
[14:11:15] OK   600336 澳柯玛: 入库 1023 条
[14:11:18] OK   600388 龙净环保: 入库 1023 条
[14:11:22] OK   600399 抚顺特钢: 入库 1023 条
[14:11:26] OK   600309 万华化学: 入库 1023 条
[14:11:30] OK   600400 红豆股份: 入库 1023 条
[14:11:39] OK   600369 西南证券: 入库 1023 条
[14:11:43] OK   600389 江山股份: 入库 1023 条
[14:11:46] OK   600378 昊华科技: 入库 1023 条
[14:11:50] OK   000725 京东方Ａ: 入库 1023 条
[14:11:54] OK   600365 ST通葡: 入库 1023 条
[14:11:58] OK   600390 五矿资本: 入库 1023 条
[14:12:02] OK   600326 西藏天路: 入库 1023 条
[14:12:05] OK   600377 宁沪高速: 入库 1023 条
[14:12:09] OK   600330 天通股份: 入库 1023 条
[14:12:13] OK   600382 广东明珠: 入库 1023 条
[14:12:17] OK   600313 农发种业: 入库 1023 条
[14:12:20] OK   600305 恒顺醋业: 入库 1023 条
[14:12:24] OK   600332 白云山: 入库 1023 条
[14:12:28] OK   600037 歌华有线: 入库 1023 条
[14:12:32] OK   600033 福建高速: 入库 1023 条
[14:12:36] OK   600386 北巴传媒: 入库 1023 条
[14:12:39] OK   600312 平高电气: 入库 1023 条
[14:12:43] OK   600558 大西洋: 入库 1023 条
[14:12:44] ---- 本批完成，累计 700/5400 ----
[14:12:44] 批间暂停 30 秒...
[14:13:14] ---- 第 8/54 批（本批 100 只） ----
[14:13:17] OK   600272 开开实业: 入库 1023 条
[14:13:21] OK   600310 广西能源: 入库 1023 条
[14:13:24] OK   600550 保变电气: 入库 1023 条
[14:13:28] OK   600335 国机汽车: 入库 1023 条
[14:13:32] OK   600250 南京商旅: 入库 1023 条
[14:13:36] OK   600010 包钢股份: 入库 1023 条
[14:13:40] OK   600376 首开股份: 入库 1023 条
[14:13:43] OK   600315 上海家化: 入库 1023 条
[14:13:47] OK   600360 华微电子: 入库 1023 条
[14:13:51] OK   600518 康美药业: 入库 1023 条
[14:13:54] OK   600367 红星发展: 入库 1023 条
[14:13:58] OK   600319 亚星化学: 入库 1023 条
[14:14:02] OK   600396 华电辽能: 入库 1023 条
[14:14:05] OK   600363 联创光电: 入库 1023 条
[14:14:09] OK   600383 金地集团: 入库 1023 条
[14:14:13] OK   600356 恒丰纸业: 入库 1023 条
[14:14:17] OK   600295 鄂尔多斯: 入库 1023 条
[14:14:20] OK   600381 *ST春天: 入库 1023 条
[14:14:24] OK   600568 ST中珠: 入库 1023 条
[14:14:28] OK   600588 用友网络: 入库 1023 条
[14:14:31] OK   600528 中铁工业: 入库 1023 条
[14:14:35] OK   600395 盘江股份: 入库 1023 条
[14:14:39] OK   600329 达仁堂: 入库 1023 条
[14:14:43] OK   600380 健康元: 入库 1023 条
[14:14:46] OK   600589 大位科技: 入库 1023 条
[14:14:50] OK   600468 百利电气: 入库 1023 条
[14:14:54] OK   600501 航天晨光: 入库 1023 条
[14:14:57] OK   600488 津药药业: 入库 1023 条
[14:15:01] OK   600419 天润乳业: 入库 1023 条
[14:15:05] OK   600530 ST交昂: 入库 1023 条
[14:15:08] OK   600372 中航机载: 入库 1023 条
[14:15:12] OK   600556 天下秀: 入库 1023 条
[14:15:16] OK   600028 中国石化: 入库 1023 条
[14:15:19] OK   600346 恒力石化: 入库 1023 条
[14:15:23] OK   600569 安阳钢铁: 入库 1023 条
[14:15:27] OK   600566 济川药业: 入库 1023 条
[14:15:30] OK   600498 烽火通信: 入库 1023 条
[14:15:34] OK   600418 江淮汽车: 入库 1023 条
[14:15:38] OK   600539 狮头股份: 入库 1023 条
[14:15:41] OK   600519 贵州茅台: 入库 1023 条
[14:15:45] OK   600508 上海能源: 入库 1023 条
[14:15:49] OK   600448 华纺股份: 入库 1023 条
[14:15:53] OK   600596 新安股份: 入库 1023 条
[14:15:56] OK   600322 津投城开: 入库 1023 条
[14:16:00] OK   600361 创新新材: 入库 1023 条
[14:16:04] OK   600011 华能国际: 入库 1023 条
[14:16:07] OK   600391 航发科技: 入库 1023 条
[14:16:11] OK   600567 山鹰国际: 入库 1023 条
[14:16:15] OK   600331 宏达股份: 入库 1023 条
[14:16:18] OK   600548 深高速: 入库 1023 条
[14:16:22] OK   600506 统一股份: 入库 1023 条
[14:16:25] OK   600523 贵航股份: 入库 1023 条
[14:16:29] OK   600520 三佳科技: 入库 1023 条
[14:16:33] OK   600362 江西铜业: 入库 1023 条
[14:16:36] OK   600379 宝光股份: 入库 1023 条
[14:16:39] OK   600583 海油工程: 入库 1023 条
[14:16:41] OK   600585 海螺水泥: 入库 1023 条
[14:16:44] OK   600509 天富能源: 入库 1023 条
[14:16:55] OK   600373 中文传媒: 入库 1023 条
[14:16:58] OK   600350 山东高速: 入库 1023 条
[14:17:02] OK   600533 栖霞建设: 入库 1023 条
[14:17:06] OK   600598 北大荒: 入库 1023 条
[14:17:09] OK   600036 招商银行: 入库 1023 条
[14:17:13] OK   600456 宝钛股份: 入库 1023 条
[14:17:17] OK   600428 中远海特: 入库 1023 条
[14:17:20] OK   600486 扬农化工: 入库 1023 条
[14:17:24] OK   600415 小商品城: 入库 1023 条
[14:17:28] OK   600578 京能电力: 入库 1023 条
[14:17:31] OK   600582 天地科技: 入库 1023 条
[14:17:35] OK   600536 中国软件: 入库 1023 条
[14:17:38] OK   600026 中远海能: 入库 1023 条
[14:17:42] OK   600505 西昌电力: 入库 1023 条
[14:17:46] OK   600529 山东药玻: 入库 1023 条
[14:17:49] OK   600496 精工钢构: 入库 1023 条
[14:17:53] OK   600580 卧龙电驱: 入库 1023 条
[14:17:57] OK   600510 黑牡丹: 入库 1023 条
[14:18:00] OK   600426 华鲁恒升: 入库 1023 条
[14:18:04] OK   600327 大东方: 入库 1023 条
[14:18:07] OK   600595 中孚实业: 入库 1023 条
[14:18:11] OK   600397 江钨装备: 入库 1023 条
[14:18:15] OK   600590 泰豪科技: 入库 1023 条
[14:18:19] OK   600503 华丽家族: 入库 1023 条
[14:18:22] OK   600593 大连圣亚: 入库 1023 条
[14:18:26] OK   600561 江西长运: 入库 1023 条
[14:18:30] OK   600416 湘电股份: 入库 1023 条
[14:18:33] OK   600526 菲达环保: 入库 1023 条
[14:18:37] OK   600531 豫光金铅: 入库 1023 条
[14:18:41] OK   600592 龙溪股份: 入库 1023 条
[14:18:44] OK   600515 海南机场: 入库 1023 条
[14:18:48] OK   600579 中化装备: 入库 1023 条
[14:18:52] OK   600586 金晶科技: 入库 1023 条
[14:18:55] OK   600581 *ST八钢: 入库 1023 条
[14:18:59] OK   600535 天士力: 入库 1023 条
[14:19:02] OK   600597 光明乳业: 入库 1023 条
[14:19:06] OK   600516 方大炭素: 入库 1023 条
[14:19:10] OK   600551 时代出版: 入库 1023 条
[14:19:13] OK   600577 精达股份: 入库 1023 条
[14:19:17] OK   600371 万向德农: 入库 1023 条
[14:19:21] OK   600557 康缘药业: 入库 1023 条
[14:19:24] OK   600560 金自天正: 入库 1023 条
[14:19:25] ---- 本批完成，累计 800/5400 ----
[14:19:25] 批间暂停 30 秒...
[14:19:55] ---- 第 9/54 批（本批 100 只） ----
[14:19:58] OK   000875 电投绿能: 入库 1023 条
[14:20:01] OK   600351 亚宝药业: 入库 1023 条
[14:20:05] OK   600587 新华医疗: 入库 1023 条
[14:20:09] OK   600050 中国联通: 入库 1023 条
[14:20:12] OK   600499 科达制造: 入库 1023 条
[14:20:16] OK   600522 中天科技: 入库 1023 条
[14:20:19] OK   600559 老白干酒: 入库 1023 条
[14:20:23] OK   600571 信雅达: 入库 1023 条
[14:20:27] OK   600549 厦门钨业: 入库 1023 条
[14:20:30] OK   600353 旭光电子: 入库 1023 条
[14:20:34] OK   600511 国药股份: 入库 1023 条
[14:20:38] OK   600525 ST长园: 入库 1023 条
[14:20:41] OK   600563 法拉电子: 入库 1023 条
[14:20:45] OK   600458 时代新材: 入库 1023 条
[14:20:49] OK   600512 腾达建设: 入库 1023 条
[14:20:52] OK   600030 中信证券: 入库 1023 条
[14:20:56] OK   600012 皖通高速: 入库 1023 条
[14:21:00] OK   600538 国发股份: 入库 1023 条
[14:21:03] OK   600537 *ST亿晶: 入库 1023 条
[14:21:07] OK   600562 国睿科技: 入库 1023 条
[14:21:11] OK   600408 安泰集团: 入库 1023 条
[14:21:16] OK   600576 祥源文旅: 入库 1023 条
[14:21:20] OK   600573 惠泉啤酒: 入库 1023 条
[14:21:23] OK   600521 华海药业: 入库 1023 条
[14:21:27] OK   600370 *ST三房: 入库 1023 条
[14:21:31] OK   600460 士兰微: 入库 1023 条
[14:21:34] OK   600513 联环药业: 入库 1023 条
[14:21:38] OK   600039 四川路桥: 入库 1023 条
[14:21:42] OK   600575 淮河能源: 入库 1023 条
[14:21:45] OK   600375 汉马科技: 入库 1023 条
[14:21:49] OK   600343 航天动力: 入库 1023 条
[14:21:57] OK   600502 安徽建工: 入库 1023 条
[14:22:00] OK   600481 双良节能: 入库 1023 条
[14:22:04] OK   600004 白云机场: 入库 1023 条
[14:22:08] OK   600459 贵研铂业: 入库 1023 条
[14:22:11] OK   600392 盛和资源: 入库 1023 条
[14:22:15] OK   600584 长电科技: 入库 1023 条
[14:22:19] OK   600251 冠农股份: 入库 1023 条
[14:22:23] OK   600436 片仔癀: 入库 1023 条
[14:22:26] OK   600409 三友化工: 入库 1023 条
[14:22:30] OK   600433 冠豪高新: 入库 1023 条
[14:22:34] OK   600490 鹏欣资源: 入库 1023 条
[14:22:38] OK   600273 嘉化能源: 入库 1023 条
[14:22:41] OK   600031 三一重工: 入库 1023 条
[14:22:45] OK   600435 北方导航: 入库 1023 条
[14:22:49] OK   600439 ST瑞贝卡: 入库 1023 条
[14:22:53] OK   600271 航天信息: 入库 1023 条
[14:22:56] OK   600423 *ST柳化: 入库 1023 条
[14:23:00] OK   600475 华光环能: 入库 1023 条
[14:23:04] OK   600425 青松建化: 入库 1023 条
[14:23:08] OK   600029 南方航空: 入库 1023 条
[14:23:11] OK   600546 山煤国际: 入库 1023 条
[14:23:15] OK   600352 浙江龙盛: 入库 1023 条
[14:23:19] OK   600020 中原高速: 入库 1023 条
[14:23:23] OK   600489 中金黄金: 入库 1023 条
[14:23:27] OK   600480 凌云股份: 入库 1023 条
[14:23:31] OK   600348 华阳股份: 入库 1023 条
[14:23:35] OK   600487 亨通光电: 入库 1023 条
[14:23:39] OK   600547 山东黄金: 入库 1023 条
[14:23:43] OK   600449 宁夏建材: 入库 1023 条
[14:23:47] OK   600015 华夏银行: 入库 1023 条
[14:23:51] OK   600429 三元股份: 入库 1023 条
[14:23:55] OK   600478 科力远: 入库 1023 条
[14:23:59] OK   600507 方大特钢: 入库 1023 条
[14:24:04] OK   600403 大有能源: 入库 1023 条
[14:24:08] OK   600517 国网英大: 入库 1023 条
[14:24:11] OK   600406 国电南瑞: 入库 1023 条
[14:24:16] OK   600469 风神股份: 入库 1023 条
[14:24:20] OK   600021 上海电力: 入库 1023 条
[14:24:24] OK   600184 光电股份: 入库 1023 条
[14:24:28] OK   600477 杭萧钢构: 入库 1023 条
[14:24:33] OK   600900 长江电力: 入库 1023 条
[14:24:37] OK   600527 江南高纤: 入库 1023 条
[14:24:41] OK   600545 卓郎智能: 入库 1023 条
[14:24:45] OK   600476 *ST湘邮: 入库 1023 条
[14:24:49] OK   600570 恒生电子: 入库 1023 条
[14:24:53] OK   600446 金证股份: 入库 1023 条
[14:24:57] OK   600340 *ST华幸: 入库 1023 条
[14:25:02] OK   600540 新赛股份: 入库 1023 条
[14:25:06] OK   600354 敦煌种业: 入库 1023 条
[14:25:10] OK   000100 TCL科技: 入库 1023 条
[14:25:14] OK   600249 两面针: 入库 1023 条
[14:25:18] OK   600444 国机通用: 入库 1023 条
[14:25:22] OK   600325 华发股份: 入库 1023 条
[14:25:26] OK   600438 通威股份: 入库 1023 条
[14:25:32] OK   600452 涪陵电力: 入库 1023 条
[14:25:36] OK   600470 六国化工: 入库 1023 条
[14:25:41] OK   600035 楚天高速: 入库 1023 条
[14:25:46] OK   600479 千金药业: 入库 1023 条
[14:25:50] OK   600284 浦东建设: 入库 1023 条
[14:25:54] OK   600463 空港股份: 入库 1023 条
[14:25:58] OK   600594 益佰制药: 入库 1023 条
[14:26:02] OK   600543 *ST莫高: 入库 1023 条
[14:26:06] OK   600455 博通股份: 入库 1023 条
[14:26:11] OK   600405 动力源: 入库 1023 条
[14:26:15] OK   600467 好当家: 入库 1023 条
[14:26:19] OK   600960 渤海汽车: 入库 1023 条
[14:26:23] OK   600969 郴电国际: 入库 1023 条
[14:26:27] OK   600572 康恩贝: 入库 1023 条
[14:26:31] OK   600988 赤峰黄金: 入库 1023 条
[14:26:32] ---- 本批完成，累计 900/5400 ----
[14:26:32] 批间暂停 30 秒...
[14:27:02] ---- 第 10/54 批（本批 100 只） ----
[14:27:04] OK   600976 健民集团: 入库 1023 条
[14:27:07] OK   600497 驰宏锌锗: 入库 1023 条
[14:27:09] OK   600493 凤竹纺织: 入库 1023 条
[14:27:12] OK   600986 浙文互联: 入库 1023 条
[14:27:14] OK   600410 华胜天成: 入库 1023 条
[14:27:17] OK   600985 淮北矿业: 入库 1023 条
[14:27:19] OK   600990 四创电子: 入库 1023 条
[14:27:22] OK   600114 东睦股份: 入库 1023 条
[14:27:24] OK   600980 北矿科技: 入库 1023 条
[14:27:27] OK   600992 贵绳股份: 入库 1023 条
[14:27:29] OK   600993 XD马应龙: 入库 1023 条
[14:27:32] OK   600967 内蒙一机: 入库 1023 条
[14:27:34] OK   600491 ST龙元: 入库 1023 条
[14:27:37] OK   600963 岳阳林纸: 入库 1023 条
[14:27:41] OK   600495 晋西车轴: 入库 1023 条
[14:27:43] OK   600483 福能股份: 入库 1023 条
[14:27:46] OK   600461 洪城环境: 入库 1023 条
[14:27:49] OK   600997 开滦股份: 入库 1023 条
[14:27:51] OK   600966 博汇纸业: 入库 1023 条
[14:27:54] OK   600975 新五丰: 入库 1023 条
[14:28:02] OK   600995 南网储能: 入库 1023 条
[14:28:06] OK   600420 国药现代: 入库 1023 条
[14:28:10] OK   600962 国投中鲁: 入库 1023 条
[14:28:14] OK   600143 金发科技: 入库 1023 条
[14:28:18] OK   002001 新 和 成: 入库 1023 条
[14:28:22] OK   002003 伟星股份: 入库 1023 条
[14:28:26] OK   002004 华邦健康: 入库 1023 条
[14:28:33] OK   002005 德豪润达: 入库 1023 条
[14:28:37] OK   002006 精工科技: 入库 1023 条
[14:28:41] OK   002007 华兰生物: 入库 1023 条
[14:28:45] OK   002008 大族激光: 入库 1023 条
[14:28:49] OK   002009 天奇股份: 入库 1023 条
[14:28:53] OK   002010 传化智联: 入库 1023 条
[14:28:57] OK   600022 山东钢铁: 入库 1023 条
[14:29:03] OK   600981 苏豪汇鸿: 入库 1023 条
[14:29:07] OK   002011 盾安环境: 入库 1023 条
[14:29:10] OK   002012 凯恩股份: 入库 1023 条
[14:29:15] OK   600982 宁波能源: 入库 1023 条
[14:29:19] OK   600984 建设机械: 入库 1023 条
[14:29:23] OK   002014 永新股份: 入库 1023 条
[14:29:27] OK   002015 协鑫能科: 入库 1023 条
[14:29:31] OK   002016 世荣兆业: 入库 1023 条
[14:29:35] OK   002017 东信和平: 入库 1023 条
[14:29:39] OK   002019 亿帆医药: 入库 1023 条
[14:29:44] OK   600965 *ST福成: 入库 1023 条
[14:29:48] OK   600482 中国动力: 入库 1023 条
[14:29:52] OK   002020 京新药业: 入库 1023 条
[14:29:56] OK   002021 中捷资源: 入库 1023 条
[14:30:00] OK   002022 科华生物: 入库 1023 条
[14:30:05] OK   002023 海特高新: 入库 1023 条
[14:30:09] OK   002024 ST易购: 入库 1023 条
[14:30:13] OK   002025 航天电器: 入库 1023 条
[14:30:17] OK   002026 山东威达: 入库 1023 条
[14:30:21] OK   600983 惠而浦: 入库 1023 条
[14:30:26] OK   600973 宝胜股份: 入库 1023 条
[14:30:30] OK   002027 分众传媒: 入库 1023 条
[14:30:34] OK   002028 思源电气: 入库 1023 条
[14:30:38] OK   002029 七 匹 狼: 入库 1023 条
[14:30:42] OK   002030 达安基因: 入库 1023 条
[14:30:46] OK   600987 航民股份: 入库 1023 条
[14:30:50] OK   002031 巨轮智能: 入库 1023 条
[14:30:54] OK   002032 苏 泊 尔: 入库 1023 条
[14:30:58] OK   600971 恒源煤电: 入库 1023 条
[14:31:03] OK   002033 丽江股份: 入库 1023 条
[14:31:07] OK   002034 旺能环境: 入库 1023 条
[14:31:12] OK   600961 株冶集团: 入库 1023 条
[14:31:16] OK   002035 华帝股份: 入库 1023 条
[14:31:20] OK   002036 联创电子: 入库 1023 条
[14:31:25] OK   600979 广安爱众: 入库 1023 条
[14:31:29] OK   002037 保利联合: 入库 1023 条
[14:31:33] OK   002038 双鹭药业: 入库 1023 条
[14:31:37] OK   600027 华电国际: 入库 1023 条
[14:31:41] OK   002039 黔源电力: 入库 1023 条
[14:31:45] OK   002040 南 京 港: 入库 1023 条
[14:31:49] OK   600970 中材国际: 入库 1023 条
[14:31:53] OK   002041 登海种业: 入库 1023 条
[14:31:58] OK   002042 华孚时尚: 入库 1023 条
[14:32:02] OK   002043 兔 宝 宝: 入库 1023 条
[14:32:06] OK   002044 美年健康: 入库 1023 条
[14:32:10] OK   002045 国光电器: 入库 1023 条
[14:32:14] OK   002046 国机精工: 入库 1023 条
[14:32:18] OK   002047 宝鹰股份: 入库 1023 条
[14:32:22] OK   002048 宁波华翔: 入库 1023 条
[14:32:26] OK   002049 紫光国微: 入库 1023 条
[14:32:30] OK   002051 中工国际: 入库 1023 条
[14:32:34] OK   601001 晋控煤业: 入库 1023 条
[14:32:38] OK   002052 同洲电子: 入库 1023 条
[14:32:42] OK   002053 云南能投: 入库 1023 条
[14:32:46] OK   601988 中国银行: 入库 1023 条
[14:32:51] OK   002054 德美化工: 入库 1023 条
[14:32:55] OK   002055 ST得润: 入库 1023 条
[14:32:59] OK   600048 保利发展: 入库 1023 条
[14:33:02] OK   601006 大秦铁路: 入库 1023 条
[14:33:05] OK   002056 横店东磁: 入库 1023 条
[14:33:07] OK   002057 中钢天源: 入库 1023 条
[14:33:10] OK   002058 威尔泰: 入库 1023 条
[14:33:13] OK   002059 云南旅游: 入库 1023 条
[14:33:15] OK   002060 广东建工: 入库 1023 条
[14:33:23] OK   002061 浙江交科: 入库 1023 条
[14:33:27] OK   002062 宏润建设: 入库 1023 条
[14:33:28] ---- 本批完成，累计 1000/5400 ----
[14:33:28] 批间暂停 30 秒...
[14:33:58] ---- 第 11/54 批（本批 100 只） ----
[14:34:01] OK   601111 中国国航: 入库 1023 条
[14:34:05] OK   002063 远光软件: 入库 1023 条
[14:34:09] OK   002064 华峰化学: 入库 1023 条
[14:34:13] OK   002065 东华软件: 入库 1023 条
[14:34:17] OK   002066 瑞泰科技: 入库 1023 条
[14:34:21] OK   002067 景兴纸业: 入库 1023 条
[14:34:25] OK   002068 黑猫股份: 入库 1023 条
[14:34:29] OK   601699 潞安环能: 入库 1023 条
[14:34:33] OK   002069 獐子岛: 入库 1023 条
[14:34:38] OK   601588 北辰实业: 入库 1023 条
[14:34:42] OK   600017 日照港: 入库 1023 条
[14:34:46] OK   002072 凯瑞德: 入库 1023 条
[14:34:50] OK   002073 软控股份: 入库 1023 条
[14:34:54] OK   002074 国轩高科: 入库 1023 条
[14:34:58] OK   002075 沙钢股份: 入库 1023 条
[14:35:02] OK   002076 星光股份: 入库 1023 条
[14:35:06] OK   601398 工商银行: 入库 1023 条
[14:35:10] OK   002077 大港股份: 入库 1023 条
[14:35:16] OK   002078 太阳纸业: 入库 1023 条
[14:35:20] OK   002079 苏州固锝: 入库 1023 条
[14:35:24] OK   002081 金 螳 螂: 入库 1023 条
[14:35:27] OK   002082 ST万邦: 入库 1023 条
[14:35:31] OK   601666 平煤股份: 入库 1023 条
[14:35:36] OK   002083 孚日股份: 入库 1023 条
[14:35:40] OK   002084 海鸥住工: 入库 1023 条
[14:35:43] OK   002086 东方海洋: 入库 1023 条
[14:35:47] OK   002088 鲁阳节能: 入库 1023 条
[14:35:51] OK   601872 招商轮船: 入库 1023 条
[14:35:55] OK   002090 金智科技: 入库 1023 条
[14:35:58] OK   002091 江苏国泰: 入库 1023 条
[14:36:02] OK   002092 中泰化学: 入库 1023 条
[14:36:06] OK   002093 国脉科技: 入库 1023 条
[14:36:10] OK   002094 青岛金王: 入库 1023 条
[14:36:13] OK   002095 生 意 宝: 入库 1023 条
[14:36:17] OK   601991 大唐发电: 入库 1023 条
[14:36:21] OK   002096 易普力: 入库 1023 条
[14:36:25] OK   002097 山河智能: 入库 1023 条
[14:36:28] OK   002098 浔兴股份: 入库 1023 条
[14:36:32] OK   601333 广深铁路: 入库 1023 条
[14:36:36] OK   002099 海翔药业: 入库 1023 条
[14:36:40] OK   002100 天康生物: 入库 1023 条
[14:36:44] OK   002101 广东鸿图: 入库 1023 条
[14:36:47] OK   002102 ST能特: 入库 1023 条
[14:36:51] OK   601628 中国人寿: 入库 1023 条
[14:36:55] OK   002103 广博股份: 入库 1023 条
[14:36:59] OK   002104 恒宝股份: 入库 1023 条
[14:37:02] OK   002105 信隆健康: 入库 1023 条
[14:37:07] OK   002106 莱宝高科: 入库 1023 条
[14:37:11] OK   002107 沃华医药: 入库 1023 条
[14:37:15] OK   002108 沧州明珠: 入库 1023 条
[14:37:19] OK   002109 ST兴化: 入库 1023 条
[14:37:23] OK   002110 三钢闽光: 入库 1023 条
[14:37:26] OK   002111 威海广泰: 入库 1023 条
[14:37:30] OK   601002 晋亿实业: 入库 1023 条
[14:37:34] OK   601166 兴业银行: 入库 1023 条
[14:37:37] OK   002112 三变科技: 入库 1023 条
[14:37:41] OK   002114 罗平锌电: 入库 1023 条
[14:37:45] OK   002115 三维通信: 入库 1023 条
[14:37:49] OK   002116 中国海诚: 入库 1023 条
[14:37:53] OK   601003 柳钢股份: 入库 1023 条
[14:37:56] OK   601005 重庆钢铁: 入库 1023 条
[14:38:01] OK   601318 中国平安: 入库 1023 条
[14:38:05] OK   002117 东港股份: 入库 1023 条
[14:38:08] OK   002119 康强电子: 入库 1023 条
[14:38:12] OK   002120 韵达股份: 入库 1023 条
[14:38:16] OK   002121 科陆电子: 入库 1023 条
[14:38:20] OK   002122 ST汇洲: 入库 1023 条
[14:38:23] OK   002123 梦网科技: 入库 1023 条
[14:38:25] OK   002124 天邦食品: 入库 1023 条
[14:38:28] OK   002125 湘潭电化: 入库 1023 条
[14:38:35] OK   601007 金陵饭店: 入库 1023 条
[14:38:39] OK   002126 银轮股份: 入库 1023 条
[14:38:42] OK   002127 南极电商: 入库 1023 条
[14:38:46] OK   002128 电投能源: 入库 1023 条
[14:38:50] OK   002129 TCL中环: 入库 1023 条
[14:38:54] OK   002130 沃尔核材: 入库 1023 条
[14:38:58] OK   601008 连云港: 入库 1023 条
[14:39:02] OK   002131 利欧股份: 入库 1023 条
[14:39:06] OK   002132 恒星科技: 入库 1023 条
[14:39:10] OK   002133 广宇集团: 入库 1023 条
[14:39:13] OK   601998 中信银行: 入库 1023 条
[14:39:17] OK   000338 潍柴动力: 入库 1023 条
[14:39:21] OK   601600 中国铝业: 入库 1023 条
[14:39:25] OK   601328 交通银行: 入库 1023 条
[14:39:28] OK   002134 天津普林: 入库 1023 条
[14:39:32] OK   002135 东南网架: 入库 1023 条
[14:39:36] OK   002136 安 纳 达: 入库 1023 条
[14:39:40] OK   002137 实益达: 入库 1023 条
[14:39:43] OK   601919 中远海控: 入库 1023 条
[14:39:47] OK   002139 拓邦股份: 入库 1023 条
[14:39:51] OK   002140 东华科技: 入库 1023 条
[14:39:54] OK   601168 西部矿业: 入库 1023 条
[14:39:58] OK   002142 宁波银行: 入库 1023 条
[14:40:02] OK   601009 南京银行: 入库 1023 条
[14:40:06] OK   002141 贤丰控股: 入库 1023 条
[14:40:10] OK   002144 宏达高科: 入库 1023 条
[14:40:14] OK   002145 钛能化学: 入库 1023 条
[14:40:18] OK   002146 荣盛发展: 入库 1023 条
[14:40:22] OK   002148 北纬科技: 入库 1023 条
[14:40:26] OK   002149 西部材料: 入库 1023 条
[14:40:26] ---- 本批完成，累计 1100/5400 ----
[14:40:26] 批间暂停 30 秒...
[14:40:56] ---- 第 12/54 批（本批 100 只） ----
[14:40:59] OK   002150 正泰电源: 入库 1023 条
[14:41:04] OK   002151 北斗星通: 入库 1023 条
[14:41:09] OK   002152 广电运通: 入库 1023 条
[14:41:14] OK   002153 石基信息: 入库 1023 条
[14:41:19] OK   002154 报 喜 鸟: 入库 1023 条
[14:41:25] OK   002155 湖南黄金: 入库 1023 条
[14:41:30] OK   002156 通富微电: 入库 1023 条
[14:41:35] OK   002157 正邦科技: 入库 1023 条
[14:41:40] OK   002158 汉钟精机: 入库 1023 条
[14:41:44] OK   002159 三特索道: 入库 1023 条
[14:41:50] OK   002160 常铝股份: 入库 1023 条
[14:41:56] OK   002161 远 望 谷: 入库 1023 条
[14:42:01] OK   002162 悦心健康: 入库 1023 条
[14:42:07] OK   002163 海南发展: 入库 1023 条
[14:42:12] OK   002164 宁波东力: 入库 1023 条
[14:42:17] OK   002165 红 宝 丽: 入库 1023 条
[14:42:22] OK   002166 莱茵生物: 入库 1023 条
[14:42:27] OK   002168 ST惠程: 入库 1023 条
[14:42:33] OK   002169 智光电气: 入库 1023 条
[14:42:38] OK   002170 芭田股份: 入库 1023 条
[14:42:43] OK   601169 北京银行: 入库 1023 条
[14:42:48] OK   002171 楚江新材: 入库 1023 条
[14:42:53] OK   002172 澳洋健康: 入库 1023 条
[14:42:58] OK   002173 创新医疗: 入库 1023 条
[14:43:03] OK   002174 游族网络: 入库 1023 条
[14:43:09] OK   601939 建设银行: 入库 1023 条
[14:43:14] OK   601808 中海油服: 入库 1023 条
[14:43:19] OK   601088 中国神华: 入库 1023 条
[14:43:25] OK   002175 *ST东智: 入库 1023 条
[14:43:30] OK   002176 江特电机: 入库 1023 条
[14:43:33] OK   002177 御银股份: 入库 1023 条
[14:43:43] OK   002178 延华智能: 入库 1023 条
[14:43:48] OK   002179 中航光电: 入库 1023 条
[14:43:53] OK   601857 中国石油: 入库 1023 条
[14:43:57] OK   002180 奔图科技: 入库 1023 条
[14:44:03] OK   002182 宝武镁业: 入库 1023 条
[14:44:08] OK   002183 怡 亚 通: 入库 1023 条
[14:44:13] OK   002181 粤 传 媒: 入库 1023 条
[14:44:18] OK   002184 海得控制: 入库 1023 条
[14:44:23] OK   002185 华天科技: 入库 1023 条
[14:44:28] OK   002186 全 聚 德: 入库 1023 条
[14:44:33] OK   002187 广百股份: 入库 1023 条
[14:44:38] OK   002188 中天服务: 入库 1023 条
[14:44:43] OK   002189 中光学: 入库 1023 条
[14:44:48] OK   002190 成飞集成: 入库 1023 条
[14:44:53] OK   601390 中国中铁: 入库 1023 条
[14:44:59] OK   002191 劲嘉股份: 入库 1023 条
[14:45:04] OK   002192 融捷股份: 入库 1023 条
[14:45:10] OK   002193 ST如意: 入库 1023 条
[14:45:15] OK   002194 武汉凡谷: 入库 1023 条
[14:45:21] OK   002195 岩山科技: 入库 1023 条
[14:45:26] OK   002196 方正电机: 入库 1023 条
[14:45:31] OK   601866 中远海发: 入库 1023 条
[14:45:36] OK   002197 证通电子: 入库 1023 条
[14:45:41] OK   002198 ST嘉应: 入库 1023 条
[14:45:47] OK   601918 新集能源: 入库 1023 条
[14:45:51] OK   002199 东晶电子: 入库 1023 条
[14:45:56] OK   002200 交投生态: 入库 1023 条
[14:46:01] OK   601999 出版传媒: 入库 1023 条
[14:46:06] OK   601601 中国太保: 入库 1023 条
[14:46:11] OK   002201 九鼎新材: 入库 1023 条
[14:46:16] OK   002202 金风科技: 入库 1023 条
[14:46:21] OK   601099 太平洋: 入库 1023 条
[14:46:26] OK   002203 海亮股份: 入库 1023 条
[14:46:32] OK   002204 大连重工: 入库 1023 条
[14:46:37] OK   002205 国统股份: 入库 1023 条
[14:46:42] OK   002206 海 利 得: 入库 1023 条
[14:46:47] OK   002207 *ST准油: 入库 1023 条
[14:46:52] OK   002208 合肥城建: 入库 1023 条
[14:46:58] OK   002209 达 意 隆: 入库 1023 条
[14:47:03] OK   002210 飞马国际: 入库 1023 条
[14:47:09] OK   002211 ST宏达: 入库 1023 条
[14:47:14] OK   002212 天融信: 入库 1023 条
[14:47:20] OK   002213 大为股份: 入库 1023 条
[14:47:25] OK   601898 中煤能源: 入库 1023 条
[14:47:30] OK   002214 大立科技: 入库 1023 条
[14:47:35] OK   002215 诺 普 信: 入库 1023 条
[14:47:40] OK   002216 三全食品: 入库 1023 条
[14:47:45] OK   002217 ST合力泰: 入库 1023 条
[14:47:50] OK   002218 拓日新能: 入库 1023 条
[14:47:55] OK   002219 新里程: 入库 1023 条
[14:48:00] OK   002221 东华能源: 入库 1023 条
[14:48:05] OK   601186 中国铁建: 入库 1023 条
[14:48:11] OK   002222 福晶科技: 入库 1023 条
[14:48:16] OK   601958 金钼股份: 入库 1023 条
[14:48:21] OK   002223 鱼跃医疗: 入库 1023 条
[14:48:26] OK   002224 三 力 士: 入库 1023 条
[14:48:31] OK   002225 濮耐股份: 入库 1023 条
[14:48:36] OK   601899 紫金矿业: 入库 1023 条
[14:48:40] OK   002226 江南化工: 入库 1023 条
[14:48:43] OK   002227 *ST特迅: 入库 1023 条
[14:48:51] OK   002228 合兴包装: 入库 1023 条
[14:48:57] OK   002229 鸿博股份: 入库 1023 条
[14:49:02] OK   002232 启明信息: 入库 1023 条
[14:49:07] OK   002230 科大讯飞: 入库 1023 条
[14:49:12] OK   002233 塔牌集团: 入库 1023 条
[14:49:17] OK   002234 民和股份: 入库 1023 条
[14:49:22] OK   002235 安妮股份: 入库 1023 条
[14:49:27] OK   002236 大华股份: 入库 1023 条
[14:49:32] OK   002237 恒邦股份: 入库 1023 条
[14:49:33] ---- 本批完成，累计 1200/5400 ----
[14:49:33] 批间暂停 30 秒...
[14:50:03] ---- 第 13/54 批（本批 100 只） ----
[14:50:08] OK   002239 奥特佳: 入库 1023 条
[14:50:13] OK   002241 歌尔股份: 入库 1023 条
[14:50:18] OK   002240 盛新锂能: 入库 1023 条
[14:50:23] OK   002238 天威视讯: 入库 1023 条
[14:50:28] OK   002242 九阳股份: 入库 1023 条
[14:50:34] OK   002243 力合科创: 入库 1023 条
[14:50:39] OK   002244 滨江集团: 入库 1023 条
[14:50:45] OK   002245 蔚蓝锂芯: 入库 1023 条
[14:50:50] OK   002246 北化股份: 入库 1023 条
[14:50:55] OK   002247 聚力文化: 入库 1023 条
[14:51:00] OK   002248 华东数控: 入库 1023 条
[14:51:06] OK   002249 大洋电机: 入库 1023 条
[14:51:11] OK   002250 联化科技: 入库 1023 条
[14:51:16] OK   002251 步步高: 入库 1023 条
[14:51:22] OK   002252 上海莱士: 入库 1023 条
[14:51:28] OK   002253 川大智胜: 入库 1023 条
[14:51:34] OK   002254 泰和新材: 入库 1023 条
[14:51:39] OK   002255 海陆重工: 入库 1023 条
[14:51:44] OK   002256 兆新股份: 入库 1023 条
[14:51:51] OK   002258 利尔化学: 入库 1023 条
[14:51:56] OK   002259 升达林业: 入库 1023 条
[14:52:01] OK   002261 拓维信息: 入库 1023 条
[14:52:08] OK   002262 恩华药业: 入库 1023 条
[14:52:16] OK   002263 大东南: 入库 1023 条
[14:52:22] OK   002264 新 华 都: 入库 1023 条
[14:52:27] OK   002265 建设工业: 入库 1023 条
[14:52:32] OK   002266 浙富控股: 入库 1023 条
[14:59:53] OK   002268 电科网安: 入库 1023 条
[14:59:58] OK   002267 陕天然气: 入库 1023 条
[15:00:01] OK   601766 中国中车: 入库 1023 条
[15:00:04] OK   002269 美邦服饰: 入库 1023 条
[15:00:07] OK   002270 华明装备: 入库 1023 条
[15:00:10] OK   002271 东方雨虹: 入库 1023 条
[15:00:19] OK   002272 川润股份: 入库 1023 条
[15:00:24] OK   002273 水晶光电: 入库 1023 条
[15:00:29] OK   002274 华昌化工: 入库 1023 条
[15:00:34] OK   601727 上海电气: 入库 1023 条
[15:00:39] OK   002275 桂林三金: 入库 1023 条
[15:00:44] OK   002276 万马股份: 入库 1023 条
[15:00:51] OK   002277 友阿股份: 入库 1023 条
[15:00:57] OK   601107 四川成渝: 入库 1023 条
[15:01:01] OK   601668 中国建筑: 入库 1023 条
[15:01:06] OK   002278 神开股份: 入库 1023 条
[15:01:12] OK   002279 久其软件: 入库 1023 条
[15:01:17] OK   601788 光大证券: 入库 1023 条
[15:01:22] OK   002281 光迅科技: 入库 1023 条
[15:01:28] OK   002282 博深股份: 入库 1023 条
[15:01:33] OK   002283 天润工业: 入库 1023 条
[15:01:38] OK   002284 亚太股份: 入库 1023 条
[15:01:43] OK   002285 世联行: 入库 1023 条
[15:01:48] OK   002286 保龄宝: 入库 1023 条
[15:01:51] OK   002287 奇正藏药: 入库 1023 条
[15:01:55] OK   002289 宇顺电子: 入库 1023 条
[15:01:58] OK   002290 禾盛新材: 入库 1023 条
[15:02:02] OK   002291 遥望科技: 入库 1023 条
[15:02:05] OK   002292 奥飞娱乐: 入库 1023 条
[15:02:10] OK   002293 罗莱生活: 入库 1023 条
[15:02:15] OK   002294 信立泰: 入库 1023 条
[15:02:20] OK   601618 中国中冶: 入库 1023 条
[15:02:25] OK   002295 精艺股份: 入库 1023 条
[15:02:30] OK   002296 辉煌科技: 入库 1023 条
[15:02:35] OK   002297 博云新材: 入库 1023 条
[15:02:40] OK   002298 中电鑫龙: 入库 1023 条
[15:02:44] OK   601888 中国中免: 入库 1023 条
[15:02:50] OK   002299 圣农发展: 入库 1023 条
[15:02:55] OK   002300 太阳电缆: 入库 1023 条
[15:03:00] OK   002301 齐心集团: 入库 1023 条
[15:03:04] OK   300001 特锐德: 入库 1023 条
[15:03:10] OK   300002 神州泰岳: 入库 1023 条
[15:03:15] OK   300003 乐普医疗: 入库 1023 条
[15:03:19] OK   300004 南风股份: 入库 1023 条
[15:03:24] OK   300005 探路者: 入库 1023 条
[15:03:30] OK   300006 莱美药业: 入库 1023 条
[15:03:34] OK   300007 汉威科技: 入库 1023 条
[15:03:39] OK   300008 天海防务: 入库 1023 条
[15:03:44] OK   300009 安科生物: 入库 1023 条
[15:03:49] OK   300010 ST豆神: 入库 1023 条
[15:03:54] OK   300011 鼎汉技术: 入库 1023 条
[15:03:59] OK   300012 华测检测: 入库 1023 条
[15:04:03] OK   300013 新宁物流: 入库 1023 条
[15:04:08] OK   300014 亿纬锂能: 入库 1023 条
[15:04:13] OK   300015 爱尔眼科: 入库 1023 条
[15:04:18] OK   300016 北陆药业: 入库 1023 条
[15:04:23] OK   300017 网宿科技: 入库 1023 条
[15:04:28] OK   300018 中元股份: 入库 1023 条
[15:04:33] OK   300019 硅宝科技: 入库 1023 条
[15:04:38] OK   300020 ST银江: 入库 1023 条
[15:04:43] OK   300021 大禹节水: 入库 1023 条
[15:04:48] OK   300022 吉峰科技: 入库 1023 条
[15:04:54] OK   300024 机器人: 入库 1023 条
[15:04:59] OK   300025 华星创业: 入库 1023 条
[15:05:04] OK   300026 红日药业: 入库 1023 条
[15:05:09] OK   300027 ST华谊: 入库 1023 条
[15:05:14] OK   002302 西部建设: 入库 1023 条
[15:05:22] OK   002303 美盈森: 入库 1023 条
[15:05:27] OK   002304 洋河股份: 入库 1023 条
[15:05:32] OK   002305 *ST南置: 入库 1023 条
[15:05:37] OK   002306 ST云网: 入库 1023 条
[15:05:41] OK   002307 北新路桥: 入库 1023 条
[15:05:47] OK   600999 招商证券: 入库 1023 条
[15:05:47] ---- 本批完成，累计 1300/5400 ----
[15:05:47] 批间暂停 30 秒...
[15:06:17] ---- 第 14/54 批（本批 100 只） ----
[15:06:22] OK   002309 中利集团: 入库 1023 条
[15:06:27] OK   002310 东方新能: 入库 1023 条
[15:06:32] OK   002311 海大集团: 入库 1023 条
[15:06:37] OK   002312 川发龙蟒: 入库 1023 条
[15:06:42] OK   002313 日海智能: 入库 1023 条
[15:06:47] OK   002314 南山控股: 入库 1023 条
[15:06:52] OK   002315 焦点科技: 入库 1023 条
[15:06:57] OK   002316 亚联发展: 入库 1023 条
[15:07:02] OK   002317 众生药业: 入库 1023 条
[15:07:07] OK   002318 久立特材: 入库 1023 条
[15:07:12] OK   002319 乐通股份: 入库 1023 条
[15:07:17] OK   002320 海峡股份: 入库 1023 条
[15:07:22] OK   002321 华英农业: 入库 1023 条
[15:07:27] OK   002322 理工能科: 入库 1023 条
[15:07:32] OK   002323 *ST雅博: 入库 1023 条
[15:07:37] OK   002324 普利特: 入库 1023 条
[15:07:42] OK   002326 永太科技: 入库 1023 条
[15:07:46] OK   300030 阳普医疗: 入库 1023 条
[15:07:51] OK   300031 宝通科技: 入库 1023 条
[15:07:56] OK   300032 金龙机电: 入库 1023 条
[15:08:01] OK   300033 同花顺: 入库 1023 条
[15:08:06] OK   300034 钢研高纳: 入库 1023 条
[15:08:11] OK   300035 中科电气: 入库 1023 条
[15:08:16] OK   300036 超图软件: 入库 1023 条
[15:08:20] OK   601139 深圳燃气: 入库 1023 条
[15:08:25] OK   002327 富安娜: 入库 1023 条
[15:08:30] OK   002328 新朋股份: 入库 1023 条
[15:08:35] OK   002329 皇氏集团: 入库 1023 条
[15:08:40] OK   002330 得利斯: 入库 1023 条
[15:08:45] OK   002331 皖通科技: 入库 1023 条
[15:08:50] OK   601117 中国化学: 入库 1023 条
[15:08:55] OK   300037 新宙邦: 入库 1023 条
[15:08:59] OK   300039 上海凯宝: 入库 1023 条
[15:09:04] OK   300040 九洲集团: 入库 1023 条
[15:09:09] OK   300041 回天新材: 入库 1023 条
[15:09:14] OK   300042 朗科科技: 入库 1023 条
[15:09:19] OK   002332 仙琚制药: 入库 1023 条
[15:09:24] OK   002333 罗普斯金: 入库 1023 条
[15:09:29] OK   002334 英威腾: 入库 1023 条
[15:09:34] OK   002335 科华数据: 入库 1023 条
[15:09:39] OK   002337 赛象科技: 入库 1023 条
[15:09:44] OK   002338 奥普光电: 入库 1023 条
[15:09:49] OK   601801 皖新传媒: 入库 1023 条
[15:09:54] OK   300043 星辉娱乐: 入库 1023 条
[15:09:59] OK   300044 *ST赛为: 入库 1023 条
[15:10:04] OK   300045 华力创通: 入库 1023 条
[15:10:10] OK   300046 台基股份: 入库 1023 条
[15:10:15] OK   300047 天源迪科: 入库 1023 条
[15:10:20] OK   300048 合康新能: 入库 1023 条
[15:10:28] OK   300049 福瑞医科: 入库 1023 条
[15:10:33] OK   300050 世纪鼎利: 入库 1023 条
[15:10:40] OK   601877 正泰电器: 入库 1023 条
[15:10:45] OK   002339 积成电子: 入库 1023 条
[15:10:50] OK   002340 格林美: 入库 1023 条
[15:10:55] OK   002342 巨力索具: 入库 1023 条
[15:11:01] OK   002343 慈文传媒: 入库 1023 条
[15:11:06] OK   002344 海宁皮城: 入库 1023 条
[15:11:11] OK   002345 潮宏基: 入库 1023 条
[15:11:16] OK   002346 柘中股份: 入库 1023 条
[15:11:21] OK   002347 泰尔股份: 入库 1023 条
[15:11:26] OK   601179 中国西电: 入库 1023 条
[15:11:31] OK   002348 高乐股份: 入库 1023 条
[15:11:36] OK   002349 精华制药: 入库 1023 条
[15:11:42] OK   002350 北京科锐: 入库 1023 条
[15:11:47] OK   002351 漫步者: 入库 1023 条
[15:11:53] OK   002352 顺丰控股: 入库 1023 条
[15:11:58] OK   002353 杰瑞股份: 入库 1023 条
[15:12:02] OK   002354 天娱数科: 入库 1023 条
[15:12:07] OK   002355 兴民智通: 入库 1023 条
[15:12:12] OK   002356 鹏飞绿能: 入库 1023 条
[15:12:18] OK   601106 中国一重: 入库 1023 条
[15:12:23] OK   002357 富临运业: 入库 1023 条
[15:12:28] OK   002358 森源电气: 入库 1023 条
[15:12:32] OK   300051 琏升科技: 入库 1023 条
[15:12:37] OK   300052 中青宝: 入库 1023 条
[15:12:42] OK   300053 航宇微: 入库 1023 条
[15:12:46] OK   300054 鼎龙股份: 入库 1023 条
[15:12:51] OK   601678 滨化股份: 入库 1023 条
[15:12:55] OK   300055 万邦达: 入库 1023 条
[15:13:00] OK   300056 中创环保: 入库 1023 条
[15:13:05] OK   300057 万顺新材: 入库 1023 条
[15:13:10] OK   601688 华泰证券: 入库 1023 条
[15:13:15] OK   002360 ST同德: 入库 1023 条
[15:13:20] OK   002361 神剑股份: 入库 1023 条
[15:13:25] OK   002362 汉王科技: 入库 1023 条
[15:13:30] OK   002363 隆基机械: 入库 1023 条
[15:13:34] OK   002364 中恒电气: 入库 1023 条
[15:13:39] OK   002365 永安药业: 入库 1023 条
[15:13:43] OK   002366 融发核电: 入库 1023 条
[15:13:48] OK   002367 康力电梯: 入库 1023 条
[15:13:53] OK   002368 太极股份: 入库 1023 条
[15:13:58] OK   002369 卓翼科技: 入库 1023 条
[15:14:03] OK   002370 亚太药业: 入库 1023 条
[15:14:07] OK   002372 伟星新材: 入库 1023 条
[15:14:12] OK   002373 千方科技: 入库 1023 条
[15:14:16] OK   002374 中锐股份: 入库 1023 条
[15:14:21] OK   300059 东方财富: 入库 1023 条
[15:14:27] OK   300061 旗天科技: 入库 1023 条
[15:14:32] OK   300062 中能电气: 入库 1023 条
[15:14:36] OK   601188 龙江交通: 入库 1023 条
[15:14:37] ---- 本批完成，累计 1400/5400 ----
[15:14:37] 批间暂停 30 秒...
[15:15:07] ---- 第 15/54 批（本批 100 只） ----
[15:15:11] OK   601518 吉林高速: 入库 1023 条
[15:15:15] OK   002375 亚厦股份: 入库 1023 条
[15:15:20] OK   002376 新北洋: 入库 1023 条
[15:15:25] OK   002377 国创高新: 入库 1023 条
[15:15:33] OK   300063 天龙集团: 入库 1023 条
[15:15:37] OK   300065 海兰信: 入库 1023 条
[15:15:42] OK   300066 三川智慧: 入库 1023 条
[15:15:47] OK   601158 重庆水务: 入库 1023 条
[15:15:51] OK   002378 章源钨业: 入库 1023 条
[15:15:56] OK   002379 宏桥控股: 入库 1023 条
[15:16:00] OK   002380 科远智慧: 入库 1023 条
[15:16:05] OK   601101 昊华能源: 入库 1023 条
[15:16:10] OK   002381 双箭股份: 入库 1023 条
[15:16:14] OK   002382 蓝帆医疗: 入库 1023 条
[15:16:19] OK   002383 合众思壮: 入库 1023 条
[15:16:24] OK   002384 东山精密: 入库 1023 条
[15:16:29] OK   002385 大北农: 入库 1023 条
[15:16:33] OK   002386 天原股份: 入库 1023 条
[15:16:38] OK   002387 维信诺: 入库 1023 条
[15:16:43] OK   002388 新亚制程: 入库 1023 条
[15:16:47] OK   002389 航天彩虹: 入库 1023 条
[15:16:52] OK   002390 信邦制药: 入库 1023 条
[15:16:57] OK   002391 长青股份: 入库 1023 条
[15:17:02] OK   300067 安诺其: 入库 1023 条
[15:17:06] OK   300068 ST南都: 入库 1023 条
[15:17:11] OK   300069 金利华电: 入库 1023 条
[15:17:16] OK   300070 碧水源: 入库 1023 条
[15:17:20] OK   300071 福石控股: 入库 1023 条
[15:17:26] OK   002392 北京利尔: 入库 1023 条
[15:17:30] OK   002393 力生制药: 入库 1023 条
[15:17:35] OK   002394 联发股份: 入库 1023 条
[15:17:40] OK   300072 海新能科: 入库 1023 条
[15:17:44] OK   300073 当升科技: 入库 1023 条
[15:17:48] OK   300074 华平股份: 入库 1023 条
[15:17:53] OK   300075 数字政通: 入库 1023 条
[15:17:58] OK   601369 陕鼓动力: 入库 1023 条
[15:18:02] OK   002395 双象股份: 入库 1023 条
[15:18:07] OK   002397 梦洁股份: 入库 1023 条
[15:18:11] OK   300076 *ST宁视: 入库 1023 条
[15:18:16] OK   300077 国民技术: 入库 1023 条
[15:18:20] OK   300078 思创智联: 入库 1023 条
[15:18:25] OK   300079 数码视讯: 入库 1023 条
[15:18:29] OK   002398 垒知集团: 入库 1023 条
[15:18:34] OK   002399 海普瑞: 入库 1023 条
[15:18:38] OK   002400 省广集团: 入库 1023 条
[15:18:43] OK   002401 中远海科: 入库 1023 条
[15:18:47] OK   002402 和而泰: 入库 1023 条
[15:18:52] OK   002403 爱仕达: 入库 1023 条
[15:18:57] OK   002404 嘉欣丝绸: 入库 1023 条
[15:19:02] OK   002405 四维图新: 入库 1023 条
[15:19:07] OK   002406 远东传动: 入库 1023 条
[15:19:12] OK   002408 齐翔腾达: 入库 1023 条
[15:19:16] OK   300081 ST恒信: 入库 1023 条
[15:19:21] OK   300082 奥克股份: 入库 1023 条
[15:19:26] OK   300083 创世纪: 入库 1023 条
[15:19:30] OK   300084 海默科技: 入库 1023 条
[15:19:35] OK   002409 雅克科技: 入库 1023 条
[15:19:39] OK   002410 广联达: 入库 1023 条
[15:19:45] OK   002412 汉森制药: 入库 1023 条
[15:19:49] OK   300085 银之杰: 入库 1023 条
[15:19:54] OK   300086 康芝药业: 入库 1023 条
[15:19:59] OK   300087 ST荃银: 入库 1023 条
[15:20:04] OK   300088 长信科技: 入库 1023 条
[15:20:08] OK   002413 雷科防务: 入库 1023 条
[15:20:12] OK   002415 海康威视: 入库 1023 条
[15:20:17] OK   002416 爱施德: 入库 1023 条
[15:20:21] OK   002418 康盛股份: 入库 1023 条
[15:20:25] OK   002419 天虹股份: 入库 1023 条
[15:20:30] OK   002420 毅昌科技: 入库 1023 条
[15:20:38] OK   002421 达实智能: 入库 1023 条
[15:20:43] OK   002422 科伦药业: 入库 1023 条
[15:20:48] OK   002423 中粮资本: 入库 1023 条
[15:20:52] OK   002424 ST百灵: 入库 1023 条
[15:20:57] OK   002425 凯撒文化: 入库 1023 条
[15:21:01] OK   002426 胜利精密: 入库 1023 条
[15:21:06] OK   002427 尤夫股份: 入库 1023 条
[15:21:10] OK   002428 云南锗业: 入库 1023 条
[15:21:15] OK   002429 兆驰股份: 入库 1023 条
[15:21:19] OK   002430 杭氧股份: 入库 1023 条
[15:21:24] OK   002431 ST棕榈: 入库 1023 条
[15:21:28] OK   002432 九安医疗: 入库 1023 条
[15:21:33] OK   002434 万里扬: 入库 1023 条
[15:21:38] OK   002396 星网锐捷: 入库 1023 条
[15:21:42] OK   002437 誉衡药业: 入库 1023 条
[15:21:47] OK   002438 江苏神通: 入库 1023 条
[15:21:51] OK   002439 启明星辰: 入库 1023 条
[15:21:55] OK   300080 易成新能: 入库 1023 条
[15:21:59] OK   300091 *ST金灵: 入库 1023 条
[15:22:04] OK   601000 唐山港: 入库 1023 条
[15:22:09] OK   002440 闰土股份: 入库 1023 条
[15:22:13] OK   002441 众业达: 入库 1023 条
[15:22:18] OK   002442 龙星科技: 入库 1023 条
[15:22:22] OK   002443 金洲管道: 入库 1023 条
[15:22:27] OK   300092 科新机电: 入库 1023 条
[15:22:31] OK   300093 金刚光伏: 入库 1023 条
[15:22:36] OK   300094 国联水产: 入库 1023 条
[15:22:40] OK   002444 巨星科技: 入库 1023 条
[15:22:45] OK   002445 中南文化: 入库 1023 条
[15:22:49] OK   002446 盛路通信: 入库 1023 条
[15:22:54] OK   601288 农业银行: 入库 1023 条
[15:22:55] ---- 本批完成，累计 1500/5400 ----
[15:22:55] 批间暂停 30 秒...
[15:23:25] ---- 第 16/54 批（本批 100 只） ----
[15:23:29] OK   002414 高德红外: 入库 1023 条
[15:23:33] OK   002448 中原内配: 入库 1023 条
[15:23:37] OK   002449 国星光电: 入库 1023 条
[15:23:42] OK   002451 摩恩电气: 入库 1023 条
[15:23:46] OK   002452 长高电气: 入库 1023 条
[15:23:51] OK   002453 华软科技: 入库 1023 条
[15:23:56] OK   002454 松芝股份: 入库 1023 条
[15:24:01] OK   300095 华伍股份: 入库 1023 条
[15:24:05] OK   300096 ST易联众: 入库 1023 条
[15:24:10] OK   300097 智云股份: 入库 1023 条
[15:24:15] OK   300098 高新兴: 入库 1023 条
[15:24:20] OK   002455 百川股份: 入库 1023 条
[15:24:24] OK   002457 青龙管业: 入库 1023 条
[15:24:29] OK   601717 中创智领: 入库 1023 条
[15:24:33] OK   300099 尤洛卡: 入库 1023 条
[15:24:38] OK   300100 双林股份: 入库 1023 条
[15:24:43] OK   300101 振芯科技: 入库 1023 条
[15:24:47] OK   002458 益生股份: 入库 1023 条
[15:24:51] OK   002459 晶澳科技: 入库 1023 条
[15:24:56] OK   002460 赣锋锂业: 入库 1023 条
[15:25:01] OK   300102 乾照光电: 入库 1023 条
[15:25:07] OK   300103 达刚控股: 入库 1023 条
[15:25:11] OK   601718 ST际华: 入库 1023 条
[15:25:15] OK   002461 珠江啤酒: 入库 1023 条
[15:25:20] OK   002462 嘉事堂: 入库 1023 条
[15:25:25] OK   601818 光大银行: 入库 1023 条
[15:25:29] OK   300105 龙源技术: 入库 1023 条
[15:25:34] OK   300106 西部牧业: 入库 1023 条
[15:25:41] OK   300107 建新股份: 入库 1023 条
[15:25:46] OK   300109 新开源: 入库 1023 条
[15:25:50] OK   300110 华仁药业: 入库 1023 条
[15:25:56] OK   300111 向日葵: 入库 1023 条
[15:26:00] OK   300112 万讯自控: 入库 1023 条
[15:26:04] OK   300113 顺网科技: 入库 1023 条
[15:26:09] OK   302132 中航成飞: 入库 1023 条
[15:26:13] OK   002465 海格通信: 入库 1023 条
[15:26:18] OK   002466 天齐锂业: 入库 1023 条
[15:26:22] OK   300115 长盈精密: 入库 1023 条
[15:26:27] OK   300118 东方日升: 入库 1023 条
[15:26:31] OK   002467 二六三: 入库 1023 条
[15:26:36] OK   002468 申通快递: 入库 1023 条
[15:26:40] OK   002469 三维化学: 入库 1023 条
[15:26:45] OK   002470 金正大: 入库 1023 条
[15:26:50] OK   002471 中超控股: 入库 1023 条
[15:26:54] OK   002472 双环传动: 入库 1023 条
[15:26:58] OK   002474 榕基软件: 入库 1023 条
[15:27:03] OK   002475 立讯精密: 入库 1023 条
[15:27:07] OK   002476 新叶股份: 入库 1023 条
[15:27:12] OK   300119 瑞普生物: 入库 1023 条
[15:27:17] OK   300120 经纬辉开: 入库 1023 条
[15:27:21] OK   300121 阳谷华泰: 入库 1023 条
[15:27:26] OK   002478 常宝股份: 入库 1023 条
[15:27:30] OK   002479 富春环保: 入库 1023 条
[15:27:34] OK   002480 新筑股份: 入库 1023 条
[15:27:40] OK   002481 双塔食品: 入库 1023 条
[15:27:47] OK   300122 智飞生物: 入库 1023 条
[15:27:53] OK   300123 ST亚光: 入库 1023 条
[15:27:59] OK   300124 汇川技术: 入库 1023 条
[15:28:06] OK   601018 宁波港: 入库 1023 条
[15:28:13] OK   002482 广田集团: 入库 1023 条
[15:28:21] OK   002483 润邦股份: 入库 1023 条
[15:28:33] OK   002484 江海股份: 入库 1023 条
[15:28:41] OK   601177 杭齿前进: 入库 1023 条
[15:28:48] OK   300125 *ST聆达: 入库 1023 条
[15:28:54] OK   300126 锐奇股份: 入库 1023 条
[15:29:04] OK   300127 银河磁体: 入库 1023 条
[15:29:18] OK   300128 锦富技术: 入库 1023 条
[15:29:32] OK   601377 兴业证券: 入库 1023 条
[15:29:40] OK   002485 ST雪发: 入库 1023 条
[15:29:52] OK   002486 嘉麟杰: 入库 1023 条
[15:30:01] OK   002487 大金重工: 入库 1023 条
[15:30:10] OK   300129 泰胜风能: 入库 1023 条
[15:30:19] OK   300130 新国都: 入库 1023 条
[15:30:26] OK   300131 英唐智控: 入库 1023 条
[15:30:31] OK   002488 金固股份: 入库 1023 条
[15:30:36] OK   002489 浙江永强: 入库 1023 条
[15:30:45] OK   002490 山东墨龙: 入库 1023 条
[15:30:50] OK   002491 通鼎互联: 入库 1023 条
[15:30:55] OK   300132 青松股份: 入库 1023 条
[15:31:00] OK   300133 华策影视: 入库 1023 条
[15:31:05] OK   300134 大富科技: 入库 1023 条
[15:31:11] OK   300135 宝利国际: 入库 1023 条
[15:31:16] OK   601098 中南传媒: 入库 1023 条
[15:31:20] OK   002492 恒基达鑫: 入库 1023 条
[15:31:24] OK   002493 荣盛石化: 入库 1023 条
[15:31:29] OK   002494 华斯股份: 入库 1023 条
[15:31:32] OK   002495 佳隆股份: 入库 1023 条
[15:31:51] OK   600998 九州通: 入库 1023 条
[15:31:55] OK   300136 信维通信: 入库 1023 条
[15:31:59] OK   300137 先河环保: 入库 1023 条
[15:32:03] OK   300138 晨光生物: 入库 1023 条
[15:32:07] OK   002496 辉丰股份: 入库 1023 条
[15:32:10] OK   002497 雅化集团: 入库 1023 条
[15:32:14] OK   002498 汉缆股份: 入库 1023 条
[15:32:18] OK   300139 晓程科技: 入库 1023 条
[15:32:21] OK   300140 节能环境: 入库 1023 条
[15:32:25] OK   300141 和顺电气: 入库 1023 条
[15:32:28] OK   300142 沃森生物: 入库 1023 条
[15:32:32] OK   002500 山西证券: 入库 1023 条
[15:32:36] OK   002501 *ST利源: 入库 1023 条
[15:32:37] ---- 本批完成，累计 1600/5400 ----
[15:32:37] 批间暂停 30 秒...
[15:33:07] ---- 第 17/54 批（本批 100 只） ----
[15:33:09] OK   002506 协鑫集成: 入库 1023 条
[15:33:13] OK   002507 涪陵榨菜: 入库 1023 条
[15:33:17] OK   002508 老板电器: 入库 1023 条
[15:33:21] OK   002510 天汽模: 入库 1023 条
[15:33:24] OK   002511 中顺洁柔: 入库 1023 条
[15:33:28] OK   601777 千里科技: 入库 1023 条
[15:33:32] OK   002512 ST达华: 入库 1023 条
[15:33:35] OK   002513 蓝丰生化: 入库 1023 条
[15:33:39] OK   002514 *ST宝馨: 入库 1023 条
[15:33:42] OK   002515 金字火腿: 入库 1023 条
[15:33:46] OK   601880 辽港股份: 入库 1023 条
[15:33:49] OK   002516 旷达科技: 入库 1023 条
[15:33:53] OK   002517 恺英网络: 入库 1023 条
[15:33:57] OK   002518 科士达: 入库 1023 条
[15:34:00] OK   002519 银河电子: 入库 1023 条
[15:34:04] OK   300143 盈康生命: 入库 1023 条
[15:34:07] OK   300144 宋城演艺: 入库 1023 条
[15:34:11] OK   300145 南方泵业: 入库 1023 条
[15:34:15] OK   002520 日发精机: 入库 1023 条
[15:34:18] OK   002521 齐峰新材: 入库 1023 条
[15:34:22] OK   002522 浙江众成: 入库 1023 条
[15:34:25] OK   002523 天桥起重: 入库 1023 条
[15:34:29] OK   300146 汤臣倍健: 入库 1023 条
[15:34:33] OK   300147 *ST香雪: 入库 1023 条
[15:34:38] OK   300148 天舟文化: 入库 1023 条
[15:34:44] OK   601933 永辉超市: 入库 1023 条
[15:34:49] OK   002524 光正眼科: 入库 1023 条
[15:34:53] OK   002526 山东矿机: 入库 1023 条
[15:34:59] OK   300149 睿智医药: 入库 1023 条
[15:35:03] OK   300150 世纪瑞尔: 入库 1023 条
[15:35:08] OK   300151 昌红科技: 入库 1023 条
[15:35:12] OK   002527 新时达: 入库 1023 条
[15:35:17] OK   002528 *ST英飞: 入库 1023 条
[15:35:21] OK   002529 海源复材: 入库 1023 条
[15:35:26] OK   601890 亚星锚链: 入库 1023 条
[15:35:30] OK   300152 *ST动力: 入库 1023 条
[15:35:35] OK   300153 科泰电源: 入库 1023 条
[15:35:39] OK   300154 瑞凌股份: 入库 1023 条
[15:35:46] OK   002530 金财互联: 入库 1023 条
[15:35:50] OK   002531 天顺风能: 入库 1023 条
[15:35:55] OK   002532 天山铝业: 入库 1023 条
[15:35:59] OK   002533 金杯电工: 入库 1023 条
[15:36:04] OK   601126 四方股份: 入库 1023 条
[15:36:08] OK   300155 安居宝: 入库 1023 条
[15:36:13] OK   300157 新锦动力: 入库 1023 条
[15:36:17] OK   300158 振东制药: 入库 1023 条
[15:36:21] OK   300159 新研股份: 入库 1023 条
[15:36:26] OK   601118 海南橡胶: 入库 1023 条
[15:36:30] OK   002534 西子洁能: 入库 1023 条
[15:36:34] OK   002537 海联金汇: 入库 1023 条
[15:36:39] OK   002535 林州重机: 入库 1023 条
[15:36:43] OK   002536 飞龙股份: 入库 1023 条
[15:36:47] OK   300160 秀强股份: 入库 1023 条
[15:36:52] OK   300161 华中数控: 入库 1023 条
[15:36:56] OK   300162 雷曼光电: 入库 1023 条
[15:37:01] OK   300163 先锋新材: 入库 1023 条
[15:37:05] OK   300164 通源石油: 入库 1023 条
[15:37:09] OK   002538 ST司特: 入库 1023 条
[15:37:14] OK   002539 云图控股: 入库 1023 条
[15:37:18] OK   002540 亚太科技: 入库 1023 条
[15:37:23] OK   002541 鸿路钢构: 入库 1023 条
[15:37:27] OK   601700 风范股份: 入库 1023 条
[15:37:31] OK   300165 天瑞仪器: 入库 1023 条
[15:37:35] OK   300166 东方国信: 入库 1023 条
[15:37:39] OK   300167 ST迪威迅: 入库 1023 条
[15:37:44] OK   300168 万达信息: 入库 1023 条
[15:37:48] OK   300169 天晟新材: 入库 1023 条
[15:37:52] OK   601137 博威合金: 入库 1023 条
[15:37:57] OK   002542 *ST中岩: 入库 1023 条
[15:38:01] OK   002543 万和电气: 入库 1023 条
[15:38:05] OK   002544 普天科技: 入库 1023 条
[15:38:09] OK   601519 大智慧: 入库 1023 条
[15:38:14] OK   300170 汉得信息: 入库 1023 条
[15:38:18] OK   300171 东富龙: 入库 1023 条
[15:38:22] OK   300172 中电环保: 入库 1023 条
[15:38:26] OK   300173 ST福能: 入库 1023 条
[15:38:31] OK   300174 元力股份: 入库 1023 条
[15:38:35] OK   601616 广电电气: 入库 1023 条
[15:38:40] OK   601799 星宇股份: 入库 1023 条
[15:38:44] OK   002545 东方铁塔: 入库 1023 条
[15:38:48] OK   002546 新联电子: 入库 1023 条
[15:38:52] OK   300175 朗源股份: 入库 1023 条
[15:38:56] OK   300176 鸿特科技: 入库 1023 条
[15:39:01] OK   300177 中海达: 入库 1023 条
[15:39:05] OK   300179 四方达: 入库 1023 条
[15:39:10] OK   002547 *ST春兴: 入库 1023 条
[15:39:14] OK   002548 金新农: 入库 1023 条
[15:39:18] OK   002549 凯美特气: 入库 1023 条
[15:39:22] OK   002550 千红制药: 入库 1023 条
[15:39:26] OK   300180 华峰超纤: 入库 1023 条
[15:39:31] OK   300181 佐力药业: 入库 1023 条
[15:39:35] OK   300182 捷成股份: 入库 1023 条
[15:39:40] OK   300183 东软载波: 入库 1023 条
[15:39:44] OK   300184 力源信息: 入库 1023 条
[15:39:48] OK   601216 君正集团: 入库 1023 条
[15:39:53] OK   002551 尚荣医疗: 入库 1023 条
[15:39:57] OK   002552 宝鼎科技: 入库 1023 条
[15:40:02] OK   002553 南方精工: 入库 1023 条
[15:40:06] OK   002554 惠博普: 入库 1023 条
[15:40:11] OK   601992 金隅集团: 入库 1023 条
[15:40:11] ---- 本批完成，累计 1700/5400 ----
[15:40:11] 批间暂停 30 秒...
[15:40:41] ---- 第 18/54 批（本批 100 只） ----
[15:40:48] OK   002555 三七互娱: 入库 1023 条
[15:40:52] OK   002556 辉隆股份: 入库 1023 条
[15:40:57] OK   002557 洽洽食品: 入库 1023 条
[15:41:01] OK   002558 巨人网络: 入库 1023 条
[15:41:05] OK   601116 三江购物: 入库 1023 条
[15:41:09] OK   002559 亚威股份: 入库 1023 条
[15:41:14] OK   002560 通达股份: 入库 1023 条
[15:41:18] OK   002561 徐家汇: 入库 1023 条
[15:41:22] OK   300185 通裕重工: 入库 1023 条
[15:41:27] OK   300187 永清环保: 入库 1023 条
[15:41:31] OK   601011 宝泰隆: 入库 1023 条
[15:41:35] OK   002562 兄弟科技: 入库 1023 条
[15:41:40] OK   002564 天沃科技: 入库 1023 条
[15:41:44] OK   002563 森马服饰: 入库 1023 条
[15:41:48] OK   300188 国投智能: 入库 1023 条
[15:41:53] OK   300189 神农种业: 入库 1023 条
[15:41:57] OK   300190 维尔利: 入库 1023 条
[15:42:02] OK   300191 潜能恒信: 入库 1023 条
[15:42:06] OK   601199 江南水务: 入库 1023 条
[15:42:10] OK   002565 顺灏股份: 入库 1023 条
[15:42:15] OK   002566 益盛药业: 入库 1023 条
[15:42:19] OK   300192 科德教育: 入库 1023 条
[15:42:23] OK   300193 佳士科技: 入库 1023 条
[15:42:27] OK   300194 福安药业: 入库 1023 条
[15:42:31] OK   002567 唐人神: 入库 1023 条
[15:42:36] OK   002568 百润股份: 入库 1023 条
[15:42:40] OK   300195 长荣股份: 入库 1023 条
[15:42:44] OK   300196 长海股份: 入库 1023 条
[15:42:48] OK   300197 节能铁汉: 入库 1023 条
[15:42:52] OK   300198 *ST纳川: 入库 1023 条
[15:42:57] OK   300199 翰宇药业: 入库 1023 条
[15:43:01] OK   300200 高盟新材: 入库 1023 条
[15:43:06] OK   300201 海伦哲: 入库 1023 条
[15:43:10] OK   002569 *ST步森: 入库 1023 条
[15:43:14] OK   002570 贝因美: 入库 1023 条
[15:43:18] OK   002571 德力股份: 入库 1023 条
[15:43:22] OK   002572 索菲亚: 入库 1023 条
[15:43:27] OK   300203 聚光科技: 入库 1023 条
[15:43:31] OK   300204 舒泰神: 入库 1023 条
[15:43:36] OK   300205 *ST天喻: 入库 1023 条
[15:43:40] OK   300206 理邦仪器: 入库 1023 条
[15:43:44] OK   300207 欣旺达: 入库 1023 条
[15:43:48] OK   002573 清新环境: 入库 1023 条
[15:43:52] OK   002574 明牌珠宝: 入库 1023 条
[15:43:57] OK   002575 群兴玩具: 入库 1023 条
[15:44:01] OK   300209 行云科技: 入库 1023 条
[15:44:06] OK   300210 森远股份: 入库 1023 条
[15:44:10] OK   002576 通达动力: 入库 1023 条
[15:44:14] OK   002577 雷柏科技: 入库 1023 条
[15:44:18] OK   002578 闽发铝业: 入库 1023 条
[15:44:23] OK   300211 *ST亿通: 入库 1023 条
[15:44:27] OK   300212 *ST易录: 入库 1023 条
[15:44:32] OK   300213 佳讯飞鸿: 入库 1023 条
[15:44:36] OK   002579 中京电子: 入库 1023 条
[15:44:40] OK   002580 圣阳股份: 入库 1023 条
[15:44:51] OK   601218 吉鑫科技: 入库 1023 条
[15:44:56] OK   601113 华鼎股份: 入库 1023 条
[15:45:00] OK   300214 日科化学: 入库 1023 条
[15:45:04] OK   300215 电科院: 入库 1023 条
[15:45:08] OK   300217 东方电热: 入库 1023 条
[15:45:13] OK   300218 安利股份: 入库 1023 条
[15:45:17] OK   300219 鸿利智汇: 入库 1023 条
[15:45:21] OK   601233 桐昆股份: 入库 1023 条
[15:45:26] OK   002581 *ST未名: 入库 1023 条
[15:45:30] OK   002582 好想你: 入库 1023 条
[15:45:35] OK   601208 东材科技: 入库 1023 条
[15:45:39] OK   300220 金运激光: 入库 1023 条
[15:45:44] OK   300221 银禧科技: 入库 1023 条
[15:45:51] OK   300222 科大智能: 入库 1023 条
[15:45:56] OK   002583 海能达: 入库 1023 条
[15:46:00] OK   601599 浙文影业: 入库 1023 条
[15:46:04] OK   601566 九牧王: 入库 1023 条
[15:46:08] OK   300223 北京君正: 入库 1023 条
[15:46:13] OK   300224 正海磁材: 入库 1023 条
[15:46:17] OK   300225 金力泰: 入库 1023 条
[15:46:21] OK   002584 西陇科学: 入库 1023 条
[15:46:26] OK   002585 双星新材: 入库 1023 条
[15:46:30] OK   002586 ST围海: 入库 1023 条
[15:46:35] OK   601311 骆驼股份: 入库 1023 条
[15:46:39] OK   601010 ST文峰: 入库 1023 条
[15:46:44] OK   300226 上海钢联: 入库 1023 条
[15:46:48] OK   300227 光韵达: 入库 1023 条
[15:46:52] OK   300228 富瑞特装: 入库 1023 条
[15:46:57] OK   002587 奥拓电子: 入库 1023 条
[15:47:01] OK   002588 史丹利: 入库 1023 条
[15:47:05] OK   002589 瑞康医药: 入库 1023 条
[15:47:10] OK   002590 万安科技: 入库 1023 条
[15:47:14] OK   300229 拓尔思: 入库 1023 条
[15:47:18] OK   300230 永利股份: 入库 1023 条
[15:47:23] OK   300231 银信科技: 入库 1023 条
[15:47:27] OK   601567 三星电气: 入库 1023 条
[15:47:32] OK   002591 恒大高新: 入库 1023 条
[15:47:36] OK   300232 洲明科技: 入库 1023 条
[15:47:41] OK   300233 金城医药: 入库 1023 条
[15:47:45] OK   300234 开尔新材: 入库 1023 条
[15:47:49] OK   601798 蓝科高新: 入库 1023 条
[15:47:54] OK   002593 日上集团: 入库 1023 条
[15:47:58] OK   002595 豪迈科技: 入库 1023 条
[15:48:03] OK   300235 方直科技: 入库 1023 条
[15:48:07] OK   300236 上海新阳: 入库 1023 条
[15:48:07] ---- 本批完成，累计 1800/5400 ----
[15:48:07] 批间暂停 30 秒...
[15:48:38] ---- 第 19/54 批（本批 100 只） ----
[15:48:41] OK   300237 ST美晨: 入库 1023 条
[15:48:45] OK   002594 比亚迪: 入库 1023 条
[15:48:50] OK   601058 赛轮轮胎: 入库 1023 条
[15:48:54] OK   300238 冠昊生物: 入库 1023 条
[15:48:58] OK   300239 东宝生物: 入库 1023 条
[15:49:03] OK   300240 飞力达: 入库 1023 条
[15:49:07] OK   002596 海南瑞泽: 入库 1023 条
[15:49:12] OK   002597 金禾实业: 入库 1023 条
[15:49:16] OK   002598 ST章鼓: 入库 1023 条
[15:49:21] OK   300241 瑞丰光电: 入库 1023 条
[15:49:25] OK   300242 佳云科技: 入库 1023 条
[15:49:30] OK   300243 瑞丰高材: 入库 1023 条
[15:49:34] OK   002599 盛通股份: 入库 1023 条
[15:49:38] OK   002600 领益智造: 入库 1023 条
[15:49:42] OK   002601 龙佰集团: 入库 1023 条
[15:49:47] OK   300244 迪安诊断: 入库 1023 条
[15:49:51] OK   300245 ST天玑: 入库 1023 条
[15:49:56] OK   300246 宝莱特: 入库 1023 条
[15:50:00] OK   002602 世纪华通: 入库 1023 条
[15:50:05] OK   002603 以岭药业: 入库 1023 条
[15:50:09] OK   300247 融捷健康: 入库 1023 条
[15:50:13] OK   300248 新开普: 入库 1023 条
[15:50:18] OK   300249 依米康: 入库 1023 条
[15:50:23] OK   300250 初灵信息: 入库 1023 条
[15:50:28] OK   300251 光线传媒: 入库 1023 条
[15:50:33] OK   002605 姚记科技: 入库 1023 条
[15:50:38] OK   002606 大连电瓷: 入库 1023 条
[15:50:44] OK   601222 林洋能源: 入库 1023 条
[15:50:49] OK   002607 中公教育: 入库 1023 条
[15:50:58] OK   002608 江苏国信: 入库 1023 条
[15:51:04] OK   601901 方正证券: 入库 1023 条
[15:51:10] OK   601636 旗滨集团: 入库 1023 条
[15:51:16] OK   002609 捷顺科技: 入库 1023 条
[15:51:21] OK   601789 宁波建工: 入库 1023 条
[15:51:27] OK   300252 金信诺: 入库 1023 条
[15:51:32] OK   300253 卫宁健康: 入库 1023 条
[15:51:37] OK   601886 江河集团: 入库 1023 条
[15:51:43] OK   300254 仟源医药: 入库 1023 条
[15:51:49] OK   300255 常山药业: 入库 1023 条
[15:51:54] OK   300256 星星科技: 入库 1023 条
[15:52:01] OK   300257 开山股份: 入库 1023 条
[15:52:07] OK   300258 精锻科技: 入库 1023 条
[15:52:13] OK   002611 东方精工: 入库 1023 条
[15:52:18] OK   002612 朗姿股份: 入库 1023 条
[15:52:23] OK   002613 北玻股份: 入库 1023 条
[15:52:28] OK   300259 新天科技: 入库 1023 条
[15:52:33] OK   300260 新莱应材: 入库 1023 条
[15:52:39] OK   300261 雅本化学: 入库 1023 条
[15:52:44] OK   601908 京运通: 入库 1023 条
[15:52:50] OK   002614 奥佳华: 入库 1023 条
[15:52:55] OK   002615 哈尔斯: 入库 1023 条
[15:53:00] OK   300263 隆华科技: 入库 1023 条
[15:53:07] OK   300264 佳创视讯: 入库 1023 条
[15:53:12] OK   300265 通光线缆: 入库 1023 条
[15:53:16] OK   601677 明泰铝业: 入库 1023 条
[15:53:23] OK   002616 长青集团: 入库 1023 条
[15:53:28] OK   002617 露笑科技: 入库 1023 条
[15:53:34] OK   300266 兴源环境: 入库 1023 条
[15:53:39] OK   300267 尔康制药: 入库 1023 条
[15:53:44] OK   300268 佳沃食品: 入库 1023 条
[15:53:49] OK   601633 长城汽车: 入库 1023 条
[15:53:55] OK   002620 *ST瑞和: 入库 1023 条
[15:54:00] OK   601996 丰林集团: 入库 1023 条
[15:54:05] OK   300269 联建光电: 入库 1023 条
[15:54:10] OK   300270 中威电子: 入库 1023 条
[15:54:15] OK   002623 亚玛顿: 入库 1023 条
[15:54:20] OK   002622 皓宸医疗: 入库 1023 条
[15:54:25] OK   601669 中国电建: 入库 1023 条
[15:54:30] OK   300271 华宇软件: 入库 1023 条
[15:54:35] OK   002624 完美世界: 入库 1023 条
[15:54:40] OK   002626 金达威: 入库 1023 条
[15:54:45] OK   601100 恒立液压: 入库 1023 条
[15:54:51] OK   300272 开能健康: 入库 1023 条
[15:54:56] OK   300274 阳光电源: 入库 1023 条
[15:55:01] OK   300275 梅安森: 入库 1023 条
[15:55:06] OK   002625 光启技术: 入库 1023 条
[15:55:11] OK   002627 三峡旅游: 入库 1023 条
[15:55:16] OK   002628 成都路桥: 入库 1023 条
[15:55:21] OK   002629 仁智股份: 入库 1023 条
[15:55:26] OK   002592 ST八菱: 入库 1023 条
[15:55:30] OK   002630 *ST华西: 入库 1023 条
[15:55:35] OK   002631 德尔未来: 入库 1023 条
[15:55:41] OK   300276 三丰智能: 入库 1023 条
[15:55:46] OK   002632 道明光学: 入库 1023 条
[15:55:51] OK   002633 申科股份: 入库 1023 条
[15:55:59] OK   300277 汽轮科技: 入库 1023 条
[15:56:04] OK   002635 安洁科技: 入库 1023 条
[15:56:10] OK   002637 赞宇科技: 入库 1023 条
[15:56:15] OK   002638 勤上股份: 入库 1023 条
[15:56:20] OK   601928 凤凰传媒: 入库 1023 条
[15:56:25] OK   002634 *ST棒杰: 入库 1023 条
[15:56:30] OK   002639 雪人集团: 入库 1023 条
[15:56:35] OK   002640 跨境通: 入库 1023 条
[15:56:40] OK   002641 公元股份: 入库 1023 条
[15:56:47] OK   601555 东吴证券: 入库 1023 条
[15:56:52] OK   300278 华昌达: 入库 1023 条
[15:56:57] OK   601336 新华保险: 入库 1023 条
[15:57:02] OK   002642 荣联科技: 入库 1023 条
[15:57:07] OK   002643 万润股份: 入库 1023 条
[15:57:11] OK   002645 华宏科技: 入库 1023 条
[15:57:12] ---- 本批完成，累计 1900/5400 ----
[15:57:12] 批间暂停 30 秒...
[15:57:42] ---- 第 20/54 批（本批 100 只） ----
[15:57:46] OK   002644 佛慈制药: 入库 1023 条
[15:57:51] OK   002646 天佑德酒: 入库 1023 条
[15:57:56] OK   002647 仁东控股: 入库 1023 条
[15:58:01] OK   002648 卫星化学: 入库 1023 条
[15:58:06] OK   300279 和晶科技: 入库 1023 条
[15:58:10] OK   300281 金明精机: 入库 1023 条
[15:58:15] OK   002649 博彦科技: 入库 1023 条
[15:58:19] OK   002650 ST加加: 入库 1023 条
[15:58:24] OK   002651 利君股份: 入库 1023 条
[15:58:29] OK   300283 温州宏丰: 入库 1023 条
[15:58:34] OK   300284 苏交科: 入库 1023 条
[15:58:39] OK   300286 安科瑞: 入库 1023 条
[15:58:43] OK   601360 三六零: 入库 1023 条
[15:58:48] OK   002653 海思科: 入库 1023 条
[15:58:54] OK   002652 扬子新材: 入库 1023 条
[15:58:58] OK   300287 飞利信: 入库 1023 条
[15:59:03] OK   300291 百纳千成: 入库 1023 条
[15:59:08] OK   300288 朗玛信息: 入库 1023 条
[15:59:13] OK   300289 利德曼: 入库 1023 条
[15:59:19] OK   300290 ST荣科: 入库 1023 条
[15:59:24] OK   601515 衢州东峰: 入库 1023 条
[15:59:30] OK   002654 万润科技: 入库 1023 条
[15:59:36] OK   002655 共达电声: 入库 1023 条
[15:59:41] OK   601231 环旭电子: 入库 1023 条
[15:59:46] OK   601929 吉视传媒: 入库 1023 条
[15:59:50] OK   002656 摩登大道: 入库 1023 条
[15:59:55] OK   002657 中科金财: 入库 1023 条
[16:00:00] OK   300292 吴通控股: 入库 1023 条
[16:00:07] OK   300293 蓝英装备: 入库 1023 条
[16:00:12] OK   300294 博雅生物: 入库 1023 条
[16:00:17] OK   002658 雪迪龙: 入库 1023 条
[16:00:22] OK   002659 凯文教育: 入库 1023 条
[16:00:27] OK   002662 峰璟股份: 入库 1023 条
[16:00:33] OK   601800 中国交建: 入库 1023 条
[16:00:40] OK   300295 *ST三六五: 入库 1023 条
[16:00:46] OK   300296 利亚德: 入库 1023 条
[16:00:51] OK   002660 茂硕电源: 入库 1023 条
[16:00:56] OK   002661 克明食品: 入库 1023 条
[16:01:05] OK   002663 普邦股份: 入库 1023 条
[16:01:10] OK   002664 信质集团: 入库 1023 条
[16:01:14] OK   300298 三诺生物: 入库 1023 条
[16:01:19] OK   300299 富春股份: 入库 1023 条
[16:01:24] OK   300300 海峡创新: 入库 1023 条
[16:01:29] OK   300303 聚飞光电: 入库 1023 条
[16:01:34] OK   300301 ST长方: 入库 1023 条
[16:01:40] OK   300302 同有科技: 入库 1023 条
[16:01:44] OK   300304 云意电气: 入库 1023 条
[16:01:49] OK   002666 德联集团: 入库 1023 条
[16:01:55] OK   002667 *ST威领: 入库 1023 条
[16:02:00] OK   300305 裕兴股份: 入库 1023 条
[16:02:04] OK   300306 远方信息: 入库 1023 条
[16:02:09] OK   300307 慈星股份: 入库 1023 条
[16:02:14] OK   601238 广汽集团: 入库 1023 条
[16:02:19] OK   601012 隆基绿能: 入库 1023 条
[16:02:24] OK   002668 TCL智家: 入库 1023 条
[16:02:29] OK   002669 康达新材: 入库 1023 条
[16:02:33] OK   002670 国盛证券: 入库 1023 条
[16:02:38] OK   601388 怡球资源: 入库 1023 条
[16:02:45] OK   300310 宜通世纪: 入库 1023 条
[16:02:50] OK   300311 任子行: 入库 1023 条
[16:02:55] OK   300313 天山生物: 入库 1023 条
[16:03:00] OK   002671 龙泉股份: 入库 1023 条
[16:03:06] OK   002672 东江环保: 入库 1023 条
[16:03:11] OK   603001 奥康国际: 入库 1023 条
[16:03:15] OK   603000 人民网: 入库 1023 条
[16:03:20] OK   002673 西部证券: 入库 1023 条
[16:03:25] OK   603123 翠微股份: 入库 1023 条
[16:03:30] OK   002674 兴业科技: 入库 1023 条
[16:03:34] OK   603333 福华尚纬: 入库 1023 条
[16:03:39] OK   300314 戴维医疗: 入库 1023 条
[16:03:44] OK   300315 掌趣科技: 入库 1023 条
[16:03:49] OK   300316 晶盛机电: 入库 1023 条
[16:03:54] OK   300317 珈伟新能: 入库 1023 条
[16:03:59] OK   603002 宏昌电子: 入库 1023 条
[16:04:04] OK   603366 日出东方: 入库 1023 条
[16:04:09] OK   300318 博晖创新: 入库 1023 条
[16:04:13] OK   300319 麦捷科技: 入库 1023 条
[16:04:18] OK   300321 同大股份: 入库 1023 条
[16:04:23] OK   002675 东诚药业: 入库 1023 条
[16:04:28] OK   002676 顺威股份: 入库 1023 条
[16:04:33] OK   002677 浙江美大: 入库 1023 条
[16:04:38] OK   603128 华贸物流: 入库 1023 条
[16:04:43] OK   002678 珠江钢琴: 入库 1023 条
[16:04:48] OK   300320 海达股份: 入库 1023 条
[16:04:52] OK   300323 华灿光电: 入库 1023 条
[16:04:58] OK   002679 福建金森: 入库 1023 条
[16:05:02] OK   002681 奋达科技: 入库 1023 条
[16:05:07] OK   300322 硕贝德: 入库 1023 条
[16:05:12] OK   300324 旋极信息: 入库 1023 条
[16:05:17] OK   601965 中国汽研: 入库 1023 条
[16:05:22] OK   002682 龙洲股份: 入库 1023 条
[16:05:27] OK   002683 广东宏大: 入库 1023 条
[16:05:32] OK   002685 华东重机: 入库 1023 条
[16:05:37] OK   601339 百隆东方: 入库 1023 条
[16:05:41] OK   300326 ST凯利: 入库 1023 条
[16:05:46] OK   300327 中颖电子: 入库 1023 条
[16:05:51] OK   300328 宜安科技: 入库 1023 条
[16:05:56] OK   300329 海伦钢琴: 入库 1023 条
[16:06:01] OK   300331 苏大维格: 入库 1023 条
[16:06:09] OK   300332 天壕能源: 入库 1023 条
[16:06:10] ---- 本批完成，累计 2000/5400 ----
[16:06:10] 批间暂停 30 秒...
[16:06:40] ---- 第 21/54 批（本批 100 只） ----
[16:06:45] OK   300333 兆日科技: 入库 1023 条
[16:06:50] OK   002686 亿利达: 入库 1023 条
[16:06:54] OK   300334 津膜科技: 入库 1023 条
[16:06:59] OK   601608 中信重工: 入库 1023 条
[16:07:04] OK   300335 迪森股份: 入库 1023 条
[16:07:09] OK   002687 乔治白: 入库 1023 条
[16:07:14] OK   002688 金河生物: 入库 1023 条
[16:07:19] OK   002689 ST远智: 入库 1023 条
[16:07:24] OK   603008 ST喜临门: 入库 1023 条
[16:07:29] OK   300337 银邦股份: 入库 1023 条
[16:07:34] OK   300339 润和软件: 入库 1023 条
[16:07:39] OK   300338 *ST开元: 入库 1023 条
[16:07:45] OK   300340 科恒股份: 入库 1023 条
[16:07:50] OK   300341 麦克奥迪: 入库 1023 条
[16:07:55] OK   300342 天银机电: 入库 1023 条
[16:08:00] OK   002690 美亚光电: 入库 1023 条
[16:08:05] OK   002691 *ST冀凯: 入库 1023 条
[16:08:10] OK   603077 和邦生物: 入库 1023 条
[16:08:15] OK   300343 联创股份: 入库 1023 条
[16:08:20] OK   300345 华民股份: 入库 1023 条
[16:08:25] OK   300346 南大光电: 入库 1023 条
[16:08:30] OK   002692 远程股份: 入库 1023 条
[16:08:35] OK   002693 双成药业: 入库 1023 条
[16:08:40] OK   601038 一拖股份: 入库 1023 条
[16:08:46] OK   603766 隆鑫通用: 入库 1023 条
[16:08:51] OK   002694 *ST顾地: 入库 1023 条
[16:08:56] OK   300347 泰格医药: 入库 1023 条
[16:09:01] OK   300348 长亮科技: 入库 1023 条
[16:09:06] OK   300349 金卡智能: 入库 1023 条
[16:09:11] OK   300350 华鹏飞: 入库 1023 条
[16:09:16] OK   603399 永杉锂业: 入库 1023 条
[16:09:20] OK   002695 煌上煌: 入库 1023 条
[16:09:26] OK   002696 百洋股份: 入库 1023 条
[16:09:31] OK   002697 红旗连锁: 入库 1023 条
[16:09:36] OK   603167 渤海轮渡: 入库 1023 条
[16:09:41] OK   002698 博实股份: 入库 1023 条
[16:09:46] OK   300352 ST信源: 入库 1023 条
[16:09:50] OK   300351 永贵电器: 入库 1023 条
[16:09:55] OK   300354 东华测试: 入库 1023 条
[16:10:00] OK   002700 万憬能源: 入库 1023 条
[16:10:05] OK   300353 东土科技: 入库 1023 条
[16:10:10] OK   300355 蒙草生态: 入库 1023 条
[16:10:14] OK   603993 洛阳钼业: 入库 1023 条
[16:10:19] OK   002701 奥瑞金: 入库 1023 条
[16:10:25] OK   002702 海欣食品: 入库 1023 条
[16:10:29] OK   002703 浙江世宝: 入库 1023 条
[16:10:34] OK   000333 美的集团: 入库 1023 条
[16:10:39] OK   600023 浙能电力: 入库 1023 条
[16:10:44] OK   603699 纽威股份: 入库 1023 条
[16:10:49] OK   002705 新宝股份: 入库 1023 条
[16:10:54] OK   002706 良信股份: 入库 1023 条
[16:10:59] OK   002708 光洋股份: 入库 1023 条
[16:11:03] OK   300357 我武生物: 入库 1023 条
[16:11:10] OK   300358 楚天科技: 入库 1023 条
[16:11:15] OK   300359 全通教育: 入库 1023 条
[16:11:20] OK   300360 炬华科技: 入库 1023 条
[16:11:24] OK   603308 应流股份: 入库 1023 条
[16:11:28] OK   002707 众信旅游: 入库 1023 条
[16:11:33] OK   002709 天赐材料: 入库 1023 条
[16:11:37] OK   002712 思美传媒: 入库 1023 条
[16:11:42] OK   300365 恒华科技: 入库 1023 条
[16:11:47] OK   300368 汇金股份: 入库 1023 条
[16:11:52] OK   300370 安控科技: 入库 1023 条
[16:11:57] OK   300371 汇中股份: 入库 1023 条
[16:12:02] OK   300373 扬杰科技: 入库 1023 条
[16:12:07] OK   002721 金一文化: 入库 1023 条
[16:12:12] OK   300366 ST创意: 入库 1023 条
[16:12:17] OK   300375 鹏翎股份: 入库 1023 条
[16:12:21] OK   300376 易事特: 入库 1023 条
[16:12:26] OK   300377 赢时胜: 入库 1023 条
[16:12:31] OK   300378 鼎捷数智: 入库 1023 条
[16:12:36] OK   002714 牧原股份: 入库 1023 条
[16:12:41] OK   002716 湖南白银: 入库 1023 条
[16:12:46] OK   002718 友邦吊顶: 入库 1023 条
[16:12:51] OK   002719 ST麦趣: 入库 1023 条
[16:12:55] OK   002722 物产金轮: 入库 1023 条
[16:13:00] OK   300380 安硕信息: 入库 1023 条
[16:13:04] OK   300381 溢多利: 入库 1023 条
[16:13:09] OK   601225 陕西煤业: 入库 1023 条
[16:13:13] OK   002723 小崧股份: 入库 1023 条
[16:13:18] OK   002725 跃岭股份: 入库 1023 条
[16:13:26] OK   300363 博腾股份: 入库 1023 条
[16:13:30] OK   300369 绿盟科技: 入库 1023 条
[16:13:35] OK   300382 斯莱克: 入库 1023 条
[16:13:39] OK   300383 光环新网: 入库 1023 条
[16:13:44] OK   603005 晶方科技: 入库 1023 条
[16:13:48] OK   603288 海天味业: 入库 1023 条
[16:13:52] OK   002713 东易日盛: 入库 1023 条
[16:13:57] OK   002715 登云股份: 入库 1023 条
[16:14:01] OK   002717 *ST岭南: 入库 1023 条
[16:14:06] OK   002726 ST龙大: 入库 1023 条
[16:14:10] OK   300385 ST雪浪: 入库 1023 条
[16:14:14] OK   300386 飞天诚信: 入库 1023 条
[16:14:19] OK   603006 联明股份: 入库 1023 条
[16:14:23] OK   603328 依顿电子: 入库 1023 条
[16:14:27] OK   002727 一心堂: 入库 1023 条
[16:14:33] OK   300387 富邦科技: 入库 1023 条
[16:14:38] OK   603168 莎普爱思: 入库 1023 条
[16:14:42] OK   603369 今世缘: 入库 1023 条
[16:14:46] OK   603009 北特科技: 入库 1023 条
[16:14:47] ---- 本批完成，累计 2100/5400 ----
[16:14:47] 批间暂停 30 秒...
[16:15:17] ---- 第 22/54 批（本批 100 只） ----
[16:15:20] OK   002728 特一药业: 入库 1023 条
[16:15:24] OK   300390 天华新能: 入库 1023 条
[16:15:27] OK   603126 中材节能: 入库 1023 条
[16:15:31] OK   300384 三联虹普: 入库 1023 条
[16:15:34] OK   300388 节能国祯: 入库 1023 条
[16:15:38] OK   300389 艾比森: 入库 1023 条
[16:15:42] OK   603111 康尼机电: 入库 1023 条
[16:15:46] OK   603100 川仪股份: 入库 1023 条
[16:15:49] OK   603609 禾丰股份: 入库 1023 条
[16:15:53] OK   603099 长白山: 入库 1023 条
[16:15:56] OK   601579 会稽山: 入库 1023 条
[16:16:00] OK   603806 福斯特: 入库 1023 条
[16:16:04] OK   603188 亚邦股份: 入库 1023 条
[16:16:07] OK   300395 菲利华: 入库 1023 条
[16:16:14] OK   300396 ST迪瑞: 入库 1023 条
[16:16:17] OK   300397 天和防务: 入库 1023 条
[16:16:21] OK   002729 好利科技: 入库 1023 条
[16:16:25] OK   300393 中来股份: 入库 1023 条
[16:16:29] OK   603306 华懋科技: 入库 1023 条
[16:16:32] OK   601016 节能风电: 入库 1023 条
[16:16:36] OK   600917 重庆燃气: 入库 1023 条
[16:16:40] OK   002730 电光科技: 入库 1023 条
[16:16:43] OK   300398 飞凯材料: 入库 1023 条
[16:16:47] OK   300399 天利科技: 入库 1023 条
[16:16:51] OK   300401 花园生物: 入库 1023 条
[16:16:55] OK   603169 兰石重装: 入库 1023 条
[16:17:00] OK   300400 劲拓股份: 入库 1023 条
[16:17:05] OK   300402 宝色股份: 入库 1023 条
[16:17:09] OK   603010 万盛股份: 入库 1023 条
[16:17:13] OK   603456 九洲药业: 入库 1023 条
[16:17:18] OK   603018 华设集团: 入库 1023 条
[16:17:22] OK   603606 东方电缆: 入库 1023 条
[16:17:26] OK   300403 汉宇集团: 入库 1023 条
[16:17:30] OK   300405 科隆股份: 入库 1023 条
[16:17:34] OK   300406 九强生物: 入库 1023 条
[16:17:38] OK   603688 石英股份: 入库 1023 条
[16:17:42] OK   002724 海洋王: 入库 1023 条
[16:17:45] OK   002731 *ST萃华: 入库 1023 条
[16:17:49] OK   603988 中电电机: 入库 1023 条
[16:17:53] OK   601015 陕西黑猫: 入库 1023 条
[16:17:57] OK   603011 合锻智能: 入库 1023 条
[16:18:01] OK   603088 宁波精达: 入库 1023 条
[16:18:05] OK   603166 福达股份: 入库 1023 条
[16:18:09] OK   002733 雄韬股份: 入库 1023 条
[16:18:13] OK   002735 王子新材: 入库 1023 条
[16:18:17] OK   300407 凯发电气: 入库 1023 条
[16:18:21] OK   300409 道氏技术: 入库 1023 条
[16:18:24] OK   603518 锦泓集团: 入库 1023 条
[16:18:28] OK   603368 柳药集团: 入库 1023 条
[16:18:32] OK   002732 燕塘乳业: 入库 1023 条
[16:18:36] OK   603998 方盛制药: 入库 1023 条
[16:18:40] OK   601969 海南矿业: 入库 1023 条
[16:18:44] OK   601226 华电科工: 入库 1023 条
[16:18:48] OK   002736 国信证券: 入库 1023 条
[16:18:52] OK   603588 高能环境: 入库 1023 条
[16:18:56] OK   002737 葵花药业: 入库 1023 条
[16:19:00] OK   002738 中矿资源: 入库 1023 条
[16:19:04] OK   603636 南威软件: 入库 1023 条
[16:19:08] OK   300410 正业科技: 入库 1023 条
[16:19:12] OK   300411 金盾股份: 入库 1023 条
[16:19:17] OK   300412 迦南科技: 入库 1023 条
[16:19:21] OK   603017 中衡设计: 入库 1023 条
[16:19:25] OK   603889 新澳股份: 入库 1023 条
[16:19:28] OK   603788 宁波高发: 入库 1023 条
[16:19:32] OK   300364 中文在线: 入库 1023 条
[16:19:36] OK   300413 芒果超媒: 入库 1023 条
[16:19:41] OK   300418 昆仑万维: 入库 1023 条
[16:19:46] OK   601021 春秋航空: 入库 1023 条
[16:19:50] OK   002739 儒意电影: 入库 1023 条
[16:19:53] OK   300416 苏试试验: 入库 1023 条
[16:19:57] OK   300419 ST浩丰: 入库 1023 条
[16:20:01] OK   601069 西部黄金: 入库 1023 条
[16:20:05] OK   603601 再升科技: 入库 1023 条
[16:20:09] OK   300415 伊之密: 入库 1023 条
[16:20:13] OK   300417 南华仪器: 入库 1023 条
[16:20:17] OK   603600 永艺股份: 入库 1023 条
[16:20:21] OK   000166 申万宏源: 入库 1023 条
[16:20:26] OK   603686 福龙马: 入库 1023 条
[16:20:30] OK   002734 利民股份: 入库 1023 条
[16:20:34] OK   603558 健盛集团: 入库 1023 条
[16:20:38] OK   603899 晨光股份: 入库 1023 条
[16:20:43] OK   603611 诺力股份: 入库 1023 条
[16:20:48] OK   603698 航天工程: 入库 1023 条
[16:20:52] OK   603799 华友钴业: 入库 1023 条
[16:20:55] OK   002741 光华科技: 入库 1023 条
[16:20:59] OK   002746 仙坛股份: 入库 1023 条
[16:21:03] OK   300425 中建环能: 入库 1023 条
[16:21:07] OK   002742 冀衡医药: 入库 1023 条
[16:21:11] OK   002743 富煌钢构: 入库 1023 条
[16:21:17] OK   002745 木林森: 入库 1023 条
[16:21:21] OK   300420 五洋自控: 入库 1023 条
[16:21:25] OK   300421 力星股份: 入库 1023 条
[16:21:29] OK   300422 博世科: 入库 1023 条
[16:21:32] OK   300423 昇辉科技: 入库 1023 条
[16:21:36] OK   300426 华智数媒: 入库 1023 条
[16:21:40] OK   300427 红相股份: 入库 1023 条
[16:21:44] OK   603222 济民健康: 入库 1023 条
[16:21:49] OK   603618 杭电股份: 入库 1023 条
[16:21:52] OK   603898 好莱客: 入库 1023 条
[16:21:56] OK   603939 益丰药房: 入库 1023 条
[16:21:57] ---- 本批完成，累计 2200/5400 ----
[16:21:57] 批间暂停 30 秒...
[16:23:07] ============================================================
[16:23:07] 开始分批补齐（batch=100, pause=30s, sleep=0.8s, max_batches=0, retries=3）
[16:23:08] 当前缺 K 线股票数: 3119
[16:23:08] 共 32 批
[16:23:08] ---- 第 1/32 批（本批 100 只） ----
[16:23:15] OK   603118 共进股份: 入库 2789 条
[16:23:20] OK   601198 东兴证券: 入库 2788 条
[16:23:29] OK   603828 *ST利达: 入库 2788 条
[16:23:34] OK   603969 银龙股份: 入库 2787 条
[16:23:43] OK   603309 维力医疗: 入库 2786 条
[16:23:50] OK   603997 继峰股份: 入库 2786 条
[16:23:58] OK   603015 弘讯科技: 入库 2785 条
[16:24:09] OK   300433 蓝思科技: 入库 2774 条
[16:24:21] OK   002748 世龙实业: 入库 2773 条
[16:24:27] OK   300374 中铁装配: 入库 2773 条
[16:24:34] OK   300428 立中集团: 入库 2773 条
[16:24:40] OK   300430 *ST益通: 入库 2773 条
[16:24:47] OK   300432 富临精工: 入库 2773 条
[16:24:54] OK   601689 拓普集团: 入库 2773 条
[16:24:59] OK   603268 松发股份: 入库 2773 条
[16:25:04] OK   603519 立霸股份: 入库 2773 条
[16:25:13] OK   002749 国光股份: 入库 2772 条
[16:25:15] OK   603012 创力集团: 入库 1023 条
[16:25:17] OK   603030 全筑股份: 入库 1023 条
[16:25:20] OK   603158 腾龙股份: 入库 1023 条
[16:25:22] OK   600958 东方证券: 入库 1023 条
[16:25:24] OK   300429 强力新材: 入库 1023 条
[16:25:28] OK   603729 ST龙韵: 入库 1023 条
[16:25:30] OK   603020 爱普股份: 入库 1023 条
[16:25:32] OK   603338 浙江鼎力: 入库 1023 条
[16:25:34] OK   300435 中泰股份: 入库 1023 条
[16:25:37] OK   603199 九华旅游: 入库 1023 条
[16:25:39] OK   603869 ST智知: 入库 1023 条
[16:25:41] OK   002752 昇兴股份: 入库 1023 条
[16:25:44] OK   300424 航新科技: 入库 1023 条
[16:25:46] OK   300436 广生堂: 入库 1023 条
[16:25:48] OK   300439 美康生物: 入库 1023 条
[16:25:51] OK   300443 金雷股份: 入库 1023 条
[16:25:53] OK   300447 全信股份: 入库 1023 条
[16:25:55] OK   300449 汉邦高科: 入库 1023 条
[16:25:57] OK   603025 大豪科技: 入库 1023 条
[16:26:01] OK   603808 歌力思: 入库 1023 条
[16:26:04] OK   603818 曲美家居: 入库 1023 条
[16:26:08] OK   300437 清水源: 入库 1023 条
[16:26:10] OK   300440 运达科技: 入库 1023 条
[16:26:13] OK   300441 鲍斯股份: 入库 1023 条
[16:26:15] OK   300444 双杰电气: 入库 1023 条
[16:26:17] OK   300446 航天智造: 入库 1023 条
[16:26:20] OK   603021 *ST华鹏: 入库 1023 条
[16:26:22] OK   603703 盛洋科技: 入库 1023 条
[16:26:24] OK   603883 老百姓: 入库 1023 条
[16:26:27] OK   300404 博济医药: 入库 1023 条
[16:26:29] OK   300434 金石亚药: 入库 1023 条
[16:26:32] OK   300438 鹏辉能源: 入库 1023 条
[16:26:34] OK   300442 润泽科技: 入库 1023 条
[16:26:37] OK   300445 康斯特: 入库 1023 条
[16:26:39] OK   300448 浩云科技: 入库 1023 条
[16:26:42] OK   603315 福鞍股份: 入库 1023 条
[16:26:44] OK   603318 水发燃气: 入库 1023 条
[16:26:46] OK   603567 珍宝岛: 入库 1023 条
[16:26:49] OK   603789 ST星农: 入库 1023 条
[16:26:51] OK   600959 江苏有线: 入库 1023 条
[16:26:54] OK   300414 中光防雷: 入库 1023 条
[16:26:57] OK   603355 莱克电气: 入库 1023 条
[16:26:59] OK   603599 广信股份: 入库 1023 条
[16:27:02] OK   300451 创业慧康: 入库 1023 条
[16:27:04] OK   300456 赛微电子: 入库 1023 条
[16:27:06] OK   300457 赢合科技: 入库 1023 条
[16:27:09] OK   002755 奥赛康: 入库 1023 条
[16:27:11] OK   002756 永兴材料: 入库 1023 条
[16:27:13] OK   300452 山河药辅: 入库 1023 条
[16:27:17] OK   300453 三鑫医疗: 入库 1023 条
[16:27:19] OK   300455 航天智装: 入库 1023 条
[16:27:22] OK   300458 全志科技: 入库 1023 条
[16:27:24] OK   300459 汤姆猫: 入库 1023 条
[16:27:26] OK   300460 ST惠伦: 入库 1023 条
[16:27:29] OK   603227 雪峰科技: 入库 1023 条
[16:27:31] OK   603718 *ST海利: 入库 1023 条
[16:27:33] OK   603989 艾华集团: 入库 1023 条
[16:27:35] OK   300450 先导智能: 入库 1023 条
[16:27:38] OK   603022 新通联: 入库 1023 条
[16:27:40] OK   603311 金海高科: 入库 1023 条
[16:27:42] OK   603566 普莱柯: 入库 1023 条
[16:27:44] OK   603968 醋化股份: 入库 1023 条
[16:27:47] OK   002753 永东股份: 入库 1023 条
[16:27:49] OK   300461 田中精机: 入库 1023 条
[16:27:52] OK   002757 南兴股份: 入库 1023 条
[16:27:55] OK   002758 浙农股份: 入库 1023 条
[16:27:58] OK   300462 ST华铭: 入库 1023 条
[16:28:00] OK   300467 迅游科技: 入库 1023 条
[16:28:03] OK   300468 四方精创: 入库 1023 条
[16:28:05] OK   603023 威帝股份: 入库 1023 条
[16:28:08] OK   603108 润达医疗: 入库 1023 条
[16:28:11] OK   603598 引力传媒: 入库 1023 条
[16:28:13] OK   603885 吉祥航空: 入库 1023 条
[16:28:15] OK   002759 ST天际: 入库 1023 条
[16:28:18] OK   300463 迈克生物: 入库 1023 条
[16:28:20] OK   300465 高伟达: 入库 1023 条
[16:28:22] OK   300466 赛摩智能: 入库 1023 条
[16:28:25] OK   603198 迎驾贡酒: 入库 1023 条
[16:28:27] OK   603568 伟明环保: 入库 1023 条
[16:28:30] OK   603669 灵康药业: 入库 1023 条
[16:28:32] OK   603918 金桥信息: 入库 1023 条
[16:28:34] OK   603026 石大胜华: 入库 1023 条
[16:28:36] OK   603300 海南华铁: 入库 1023 条
[16:28:37] ---- 本批完成，累计 100/3200 ----
[16:28:37] 批间暂停 30 秒...
[16:29:07] ---- 第 2/32 批（本批 100 只） ----
[16:29:09] OK   603901 永创智能: 入库 1023 条
[16:29:11] OK   002761 浙江建投: 入库 1023 条
[16:29:13] OK   002762 金发拉比: 入库 1023 条
[16:29:16] OK   002763 汇洁股份: 入库 1023 条
[16:29:18] OK   300464 星徽股份: 入库 1023 条
[16:29:21] OK   300475 香农芯创: 入库 1023 条
[16:29:23] OK   300477 ST合纵: 入库 1023 条
[16:29:26] OK   300478 杭州高新: 入库 1023 条
[16:29:29] OK   601985 中国核电: 入库 1023 条
[16:29:31] OK   002760 凤形股份: 入库 1023 条
[16:29:33] OK   002766 索菱股份: 入库 1023 条
[16:29:35] OK   300469 信息发展: 入库 1023 条
[16:29:38] OK   300471 厚普股份: 入库 1023 条
[16:29:40] OK   300472 *ST新元: 入库 1023 条
[16:29:42] OK   601968 宝钢包装: 入库 1023 条
[16:29:45] OK   603066 音飞储存: 入库 1023 条
[16:29:47] OK   603616 韩建河山: 入库 1023 条
[16:29:49] OK   002765 蓝黛科技: 入库 1023 条
[16:29:52] OK   002767 先锋电子: 入库 1023 条
[16:29:54] OK   300470 中密控股: 入库 1023 条
[16:29:56] OK   300473 德尔股份: 入库 1023 条
[16:29:59] OK   300479 神思电子: 入库 1023 条
[16:30:01] OK   601368 绿城水务: 入库 1023 条
[16:30:03] OK   002772 众兴菌业: 入库 1023 条
[16:30:05] OK   002773 康弘药业: 入库 1023 条
[16:30:08] OK   300485 赛升药业: 入库 1023 条
[16:30:10] OK   601211 国泰海通: 入库 1023 条
[16:30:13] OK   002769 普路通: 入库 1023 条
[16:30:15] OK   002771 真视通: 入库 1023 条
[16:30:17] OK   002775 文科股份: 入库 1023 条
[16:30:19] OK   603116 红蜻蜓: 入库 1023 条
[16:30:22] OK   603117 万林物流: 入库 1023 条
[16:30:24] OK   603589 口子窖: 入库 1023 条
[16:30:26] OK   002768 国恩股份: 入库 1023 条
[16:30:29] OK   300481 濮阳惠成: 入库 1023 条
[16:30:31] OK   300482 万孚生物: 入库 1023 条
[16:30:33] OK   300483 首华燃气: 入库 1023 条
[16:30:36] OK   300486 东杰智能: 入库 1023 条
[16:30:38] OK   603085 天成自控: 入库 1023 条
[16:30:41] OK   603223 恒通股份: 入库 1023 条
[16:30:43] OK   603979 金诚信: 入库 1023 条
[16:30:45] OK   300488 恒锋工具: 入库 1023 条
[16:30:47] OK   300489 光智科技: 入库 1023 条
[16:30:50] OK   603838 *ST四通: 入库 1023 条
[16:30:52] OK   300480 光力科技: 入库 1023 条
[16:30:54] OK   300487 蓝晓科技: 入库 1023 条
[16:30:57] OK   300498 温氏股份: 入库 1023 条
[16:30:59] OK   601155 新城控股: 入库 1023 条
[16:31:01] OK   002779 中坚科技: 入库 1023 条
[16:31:04] OK   002780 三夫户外: 入库 1023 条
[16:31:07] OK   002783 凯龙股份: 入库 1023 条
[16:31:09] OK   603398 *ST沐邦: 入库 1023 条
[16:31:12] OK   603696 安记食品: 入库 1023 条
[16:31:14] OK   603936 博敏电子: 入库 1023 条
[16:31:16] OK   300493 润欣科技: 入库 1023 条
[16:31:19] OK   300496 中科创达: 入库 1023 条
[16:31:21] OK   603800 洪田股份: 入库 1023 条
[16:31:24] OK   603999 读者传媒: 入库 1023 条
[16:31:26] OK   002782 可立克: 入库 1023 条
[16:31:28] OK   300497 富祥股份: 入库 1023 条
[16:31:31] OK   603866 桃李面包: 入库 1023 条
[16:31:34] OK   002785 万里石: 入库 1023 条
[16:31:36] OK   002786 银宝山新: 入库 1023 条
[16:31:38] OK   300492 华图山鼎: 入库 1023 条
[16:31:41] OK   603508 思维列控: 入库 1023 条
[16:31:43] OK   001979 招商蛇口: 入库 1023 条
[16:31:47] OK   002777 久远银海: 入库 1023 条
[16:31:49] OK   002787 华源控股: 入库 1023 条
[16:31:51] OK   300490 华自科技: 入库 1023 条
[16:31:54] OK   300491 通合科技: 入库 1023 条
[16:31:56] OK   300494 盛天网络: 入库 1023 条
[16:31:59] OK   603299 苏盐井神: 入库 1023 条
[16:32:01] OK   603778 国晟科技: 入库 1023 条
[16:32:04] OK   002778 中晟高科: 入库 1023 条
[16:32:06] OK   300499 高澜股份: 入库 1023 条
[16:32:08] OK   300500 启迪设计: 入库 1023 条
[16:32:11] OK   300501 海顺新材: 入库 1023 条
[16:32:13] OK   603377 ST东时: 入库 1023 条
[16:32:15] OK   601900 南方传媒: 入库 1023 条
[16:32:17] OK   002788 鹭燕医药: 入库 1023 条
[16:32:20] OK   603608 天创时尚: 入库 1023 条
[16:32:22] OK   603027 千禾味业: 入库 1023 条
[16:32:24] OK   002790 瑞尔特: 入库 1023 条
[16:32:27] OK   300503 昊志机电: 入库 1023 条
[16:32:29] OK   603520 司太立: 入库 1023 条
[16:32:32] OK   603919 金徽酒: 入库 1023 条
[16:32:34] OK   002789 *ST建艺: 入库 1023 条
[16:32:37] OK   300505 川金诺: 入库 1023 条
[16:32:39] OK   601020 华钰矿业: 入库 1023 条
[16:32:42] OK   300484 蓝海华腾: 入库 1023 条
[16:32:44] OK   603861 白云电器: 入库 1023 条
[16:32:46] OK   300506 名家汇: 入库 1023 条
[16:32:50] OK   002792 通宇通讯: 入库 1023 条
[16:32:52] OK   002791 坚朗五金: 入库 1023 条
[16:32:55] OK   300474 景嘉微: 入库 1023 条
[16:32:57] OK   603028 赛福天: 入库 1023 条
[16:32:59] OK   603798 康普顿: 入库 1023 条
[16:33:02] OK   603701 德宏股份: 入库 1023 条
[16:33:04] OK   002793 罗欣药业: 入库 1023 条
[16:33:06] OK   603868 飞科电器: 入库 1023 条
[16:33:07] ---- 本批完成，累计 200/3200 ----
[16:33:07] 批间暂停 30 秒...
[16:33:37] ---- 第 3/32 批（本批 100 只） ----
[16:33:39] OK   300508 维宏股份: 入库 1023 条
[16:33:42] OK   603726 朗迪集团: 入库 1023 条
[16:33:44] OK   300509 新美星: 入库 1023 条
[16:33:46] OK   603029 天鹅股份: 入库 1023 条
[16:33:50] OK   002795 永和智控: 入库 1023 条
[16:33:52] OK   603822 ST嘉澳: 入库 1023 条
[16:33:55] OK   300507 苏奥传感: 入库 1023 条
[16:33:57] OK   603528 多伦科技: 入库 1023 条
[16:34:00] OK   300511 雪榕生物: 入库 1023 条
[16:34:03] OK   300510 金冠股份: 入库 1023 条
[16:34:06] OK   603101 汇嘉时代: 入库 1023 条
[16:34:08] OK   002796 世嘉科技: 入库 1023 条
[16:34:11] OK   002797 第一创业: 入库 1023 条
[16:34:13] OK   603779 威龙股份: 入库 1023 条
[16:34:15] OK   603959 ST百利: 入库 1023 条
[16:34:18] OK   603339 四方科技: 入库 1023 条
[16:34:20] OK   002798 帝欧水华: 入库 1023 条
[16:34:23] OK   300512 中亚股份: 入库 1023 条
[16:34:25] OK   002800 天顺股份: 入库 1023 条
[16:34:28] OK   300513 恒实科技: 入库 1023 条
[16:34:30] OK   300516 久之洋: 入库 1023 条
[16:34:33] OK   603737 三棵树: 入库 1023 条
[16:34:35] OK   601611 中国核建: 入库 1023 条
[16:34:38] OK   603131 上海沪工: 入库 1023 条
[16:34:40] OK   002799 环球印务: 入库 1023 条
[16:34:42] OK   300515 三德科技: 入库 1023 条
[16:34:46] OK   601127 赛力斯: 入库 1023 条
[16:34:48] OK   002801 微光股份: 入库 1023 条
[16:34:50] OK   300518 新迅达: 入库 1023 条
[16:34:53] OK   300519 新光药业: 入库 1023 条
[16:34:55] OK   603909 建发合诚: 入库 1023 条
[16:34:58] OK   002802 洪汇新材: 入库 1023 条
[16:35:00] OK   603958 哈森股份: 入库 1023 条
[16:35:02] OK   603016 新宏泰: 入库 1023 条
[16:35:05] OK   300521 爱司凯: 入库 1023 条
[16:35:08] OK   300522 世名科技: 入库 1023 条
[16:35:10] OK   601966 玲珑轮胎: 入库 1023 条
[16:35:13] OK   002805 丰元股份: 入库 1023 条
[16:35:15] OK   300520 科大国创: 入库 1023 条
[16:35:17] OK   002803 吉宏股份: 入库 1023 条
[16:35:20] OK   603069 海汽集团: 入库 1023 条
[16:35:23] OK   300517 海波重科: 入库 1023 条
[16:35:25] OK   002806 华锋股份: 入库 1023 条
[16:35:27] OK   300523 辰安科技: 入库 1023 条
[16:35:30] OK   300525 博思软件: 入库 1023 条
[16:35:33] OK   603322 超讯科技: 入库 1023 条
[16:35:35] OK   300529 健帆生物: 入库 1023 条
[16:35:39] OK   600919 江苏银行: 入库 1023 条
[16:35:41] OK   300527 ST应急: 入库 1023 条
[16:35:44] OK   300528 幸福蓝海: 入库 1023 条
[16:35:46] OK   601811 新华文轩: 入库 1023 条
[16:35:48] OK   300530 领湃科技: 入库 1023 条
[16:35:51] OK   300531 优博讯: 入库 1023 条
[16:35:53] OK   600977 中国电影: 入库 1023 条
[16:35:56] OK   603569 长久物流: 入库 1023 条
[16:35:58] OK   300535 达威股份: 入库 1023 条
[16:36:00] OK   603159 上海亚虹: 入库 1023 条
[16:36:03] OK   600936 北投科技: 入库 1023 条
[16:36:05] OK   601997 贵阳银行: 入库 1023 条
[16:36:07] OK   601595 上海电影: 入库 1023 条
[16:36:10] OK   300532 今天国际: 入库 1023 条
[16:36:12] OK   300533 冰川网络: 入库 1023 条
[16:36:15] OK   603515 欧普照明: 入库 1023 条
[16:36:17] OK   603031 安孚科技: 入库 1023 条
[16:36:20] OK   002809 红墙股份: 入库 1023 条
[16:36:22] OK   300540 蜀道装备: 入库 1023 条
[16:36:25] OK   002810 山东赫达: 入库 1023 条
[16:36:27] OK   300538 同益股份: 入库 1023 条
[16:36:29] OK   603007 顺景科技: 入库 1023 条
[16:36:32] OK   300537 广信材料: 入库 1023 条
[16:36:34] OK   300539 横河精密: 入库 1023 条
[16:36:37] OK   603090 宏盛股份: 入库 1023 条
[16:36:39] OK   603658 安图生物: 入库 1023 条
[16:36:41] OK   002807 江阴银行: 入库 1023 条
[16:36:44] OK   603843 *ST正平: 入库 1023 条
[16:36:46] OK   002811 郑中设计: 入库 1023 条
[16:36:48] OK   300543 朗科智能: 入库 1023 条
[16:36:52] OK   601163 三角轮胎: 入库 1023 条
[16:36:54] OK   603393 新天然气: 入库 1023 条
[16:36:57] OK   300534 陇神戎发: 入库 1023 条
[16:37:00] OK   300541 先进数通: 入库 1023 条
[16:37:02] OK   603067 振华股份: 入库 1023 条
[16:37:04] OK   002812 恩捷股份: 入库 1023 条
[16:37:07] OK   603189 *ST网达: 入库 1023 条
[16:37:09] OK   601500 通用股份: 入库 1023 条
[16:37:12] OK   300536 农尚环境: 入库 1023 条
[16:37:14] OK   300542 新晨科技: 入库 1023 条
[16:37:16] OK   600908 无锡银行: 入库 1023 条
[16:37:19] OK   300545 联得装备: 入库 1023 条
[16:37:21] OK   300546 雄帝科技: 入库 1023 条
[16:37:24] OK   603738 泰晶科技: 入库 1023 条
[16:37:26] OK   300547 川环科技: 入库 1023 条
[16:37:28] OK   300549 优德精密: 入库 1023 条
[16:37:31] OK   601128 常熟银行: 入库 1023 条
[16:37:33] OK   603887 城地香江: 入库 1023 条
[16:37:36] OK   603421 鼎信通讯: 入库 1023 条
[16:37:38] OK   002813 路畅科技: 入库 1023 条
[16:37:41] OK   002815 崇达技术: 入库 1023 条
[16:37:44] OK   300548 长芯博创: 入库 1023 条
[16:37:46] OK   603777 来伊份: 入库 1023 条
[16:37:47] ---- 本批完成，累计 300/3200 ----
[16:37:47] 批间暂停 30 秒...
[16:38:17] ---- 第 4/32 批（本批 100 只） ----
[16:38:19] OK   603313 梦百合: 入库 1023 条
[16:38:22] OK   603816 顾家家居: 入库 1023 条
[16:38:24] OK   603160 汇顶科技: 入库 1023 条
[16:38:27] OK   300550 和仁科技: 入库 1023 条
[16:38:30] OK   300551 古鳌科技: 入库 1023 条
[16:38:33] OK   300555 ST路通: 入库 1023 条
[16:38:36] OK   300552 万集科技: 入库 1023 条
[16:38:38] OK   300553 集智股份: 入库 1023 条
[16:38:41] OK   603859 能科科技: 入库 1023 条
[16:38:44] OK   002816 *ST和科: 入库 1023 条
[16:38:47] OK   002817 黄山胶囊: 入库 1023 条
[16:38:50] OK   603667 五洲新春: 入库 1023 条
[16:38:52] OK   603258 电魂网络: 入库 1023 条
[16:38:55] OK   600926 杭州银行: 入库 1023 条
[16:38:58] OK   603888 新华网: 入库 1023 条
[16:39:00] OK   603716 塞力医疗: 入库 1023 条
[16:39:03] OK   300557 理工光科: 入库 1023 条
[16:39:06] OK   300559 佳发教育: 入库 1023 条
[16:39:10] OK   300560 中富通: 入库 1023 条
[16:39:13] OK   300556 丝路视觉: 入库 1023 条
[16:39:15] OK   300558 贝达药业: 入库 1023 条
[16:39:18] OK   601882 海天精工: 入库 1023 条
[16:39:21] OK   603203 快克智能: 入库 1023 条
[16:39:24] OK   002818 富森美: 入库 1023 条
[16:39:27] OK   603060 国检集团: 入库 1023 条
[16:39:30] OK   603556 海兴电力: 入库 1023 条
[16:39:32] OK   002819 东方中科: 入库 1023 条
[16:39:35] OK   603977 国泰集团: 入库 1023 条
[16:39:39] OK   300563 神宇股份: 入库 1023 条
[16:39:41] OK   300566 激智科技: 入库 1023 条
[16:39:45] OK   300562 乐心医疗: 入库 1023 条
[16:39:48] OK   601229 上海银行: 入库 1023 条
[16:39:51] OK   300561 汇金科技: 入库 1023 条
[16:39:54] OK   603633 徕木股份: 入库 1023 条
[16:39:56] OK   002820 桂发祥: 入库 1023 条
[16:40:00] OK   002821 凯莱英: 入库 1023 条
[16:40:03] OK   603858 步长制药: 入库 1023 条
[16:40:06] OK   603987 康德莱: 入库 1023 条
[16:40:10] OK   300565 科信技术: 入库 1023 条
[16:40:13] OK   300567 精测电子: 入库 1023 条
[16:40:16] OK   603727 博迈科: 入库 1023 条
[16:40:19] OK   603900 莱绅通灵: 入库 1023 条
[16:40:22] OK   002823 凯中精密: 入库 1023 条
[16:40:25] OK   603336 宏辉果蔬: 入库 1023 条
[16:40:29] OK   300569 天能重工: 入库 1023 条
[16:40:32] OK   603819 神力股份: 入库 1023 条
[16:40:35] OK   002822 ST中装: 入库 1023 条
[16:40:38] OK   002825 纳尔股份: 入库 1023 条
[16:40:41] OK   603323 苏农银行: 入库 1023 条
[16:40:44] OK   603319 美湖股份: 入库 1023 条
[16:40:47] OK   300568 星源材质: 入库 1023 条
[16:40:50] OK   603660 苏州科达: 入库 1023 条
[16:40:53] OK   603559 中通国脉: 入库 1023 条
[16:40:57] OK   300570 太辰光: 入库 1023 条
[16:41:00] OK   300572 安车检测: 入库 1023 条
[16:41:03] OK   600909 华安证券: 入库 1023 条
[16:41:07] OK   603033 三维股份: 入库 1023 条
[16:41:10] OK   002828 贝肯能源: 入库 1023 条
[16:41:13] OK   300573 兴齐眼药: 入库 1023 条
[16:41:16] OK   603990 麦迪科技: 入库 1023 条
[16:41:19] OK   002826 易明医药: 入库 1023 条
[16:41:23] OK   002827 高争民爆: 入库 1023 条
[16:41:25] OK   603036 如通股份: 入库 1023 条
[16:41:29] OK   603928 兴业股份: 入库 1023 条
[16:41:32] OK   002829 星网宇达: 入库 1023 条
[16:41:35] OK   002830 名雕股份: 入库 1023 条
[16:41:38] OK   300571 平治信息: 入库 1023 条
[16:41:41] OK   603708 家家悦: 入库 1023 条
[16:41:44] OK   603585 苏利股份: 入库 1023 条
[16:41:47] OK   603389 亚振家居: 入库 1023 条
[16:41:50] OK   002831 裕同科技: 入库 1023 条
[16:41:52] OK   603098 森特股份: 入库 1023 条
[16:41:55] OK   603878 武进不锈: 入库 1023 条
[16:41:59] OK   300575 中旗股份: 入库 1023 条
[16:42:02] OK   300576 容大感光: 入库 1023 条
[16:42:05] OK   300581 晨曦航空: 入库 1023 条
[16:42:08] OK   603823 百合花: 入库 1023 条
[16:42:11] OK   300577 开润股份: 入库 1023 条
[16:42:13] OK   603416 信捷电气: 入库 1023 条
[16:42:16] OK   603577 汇金通: 入库 1023 条
[16:42:19] OK   002832 比音勒芬: 入库 1023 条
[16:42:22] OK   300579 数字认证: 入库 1023 条
[16:42:25] OK   603058 永吉股份: 入库 1023 条
[16:42:28] OK   600996 贵广网络: 入库 1023 条
[16:42:31] OK   603298 杭叉集团: 入库 1023 条
[16:42:34] OK   002833 弘亚数控: 入库 1023 条
[16:42:37] OK   002835 同为股份: 入库 1023 条
[16:42:40] OK   300582 英飞特: 入库 1023 条
[16:42:44] OK   603218 日月股份: 入库 1023 条
[16:42:47] OK   603886 元祖股份: 入库 1023 条
[16:42:50] OK   002836 新宏泽: 入库 1023 条
[16:42:53] OK   002837 英维克: 入库 1023 条
[16:42:56] OK   300585 奥联电子: 入库 1023 条
[16:42:59] OK   603239 浙江仙通: 入库 1023 条
[16:43:02] OK   603929 亚翔集成: 入库 1023 条
[16:43:05] OK   601375 中原证券: 入库 1023 条
[16:43:07] OK   300586 美联新材: 入库 1023 条
[16:43:10] OK   603444 吉比特: 入库 1023 条
[16:43:13] OK   300587 天铁科技: 入库 1023 条
[16:43:16] OK   300588 熙菱信息: 入库 1023 条
[16:43:17] ---- 本批完成，累计 400/3200 ----
[16:43:17] 批间暂停 30 秒...
[16:43:47] ---- 第 5/32 批（本批 100 只） ----
[16:43:49] OK   603032 德新科技: 入库 1023 条
[16:43:51] OK   603035 常熟汽饰: 入库 1023 条
[16:43:54] OK   002838 道恩股份: 入库 1023 条
[16:43:58] OK   300583 赛托生物: 入库 1023 条
[16:44:00] OK   603228 景旺电子: 入库 1023 条
[16:44:05] OK   603877 太平鸟: 入库 1023 条
[16:44:08] OK   002840 华统股份: 入库 1023 条
[16:44:12] OK   300591 万里马: 入库 1023 条
[16:44:15] OK   603266 天龙股份: 入库 1023 条
[16:44:18] OK   603689 皖天然气: 入库 1023 条
[16:44:21] OK   300580 贝斯特: 入库 1023 条
[16:44:23] OK   300590 移为通信: 入库 1023 条
[16:44:26] OK   603579 荣泰健康: 入库 1023 条
[16:44:29] OK   002824 和胜股份: 入库 1023 条
[16:44:32] OK   300584 海辰药业: 入库 1023 条
[16:44:35] OK   603628 清源股份: 入库 1023 条
[16:44:38] OK   603639 海利尔: 入库 1023 条
[16:44:41] OK   300589 江龙船艇: 入库 1023 条
[16:44:44] OK   300593 新雷能: 入库 1023 条
[16:44:47] OK   603039 泛微网络: 入库 1023 条
[16:44:50] OK   603690 至纯科技: 入库 1023 条
[16:44:53] OK   603038 华立股份: 入库 1023 条
[16:44:57] OK   300595 欧普康视: 入库 1023 条
[16:45:00] OK   603165 荣晟环保: 入库 1023 条
[16:45:03] OK   603668 天马科技: 入库 1023 条
[16:45:05] OK   601858 中国科传: 入库 1023 条
[16:45:08] OK   002841 视源股份: 入库 1023 条
[16:45:10] OK   002842 翔鹭钨业: 入库 1023 条
[16:45:14] OK   300596 利安隆: 入库 1023 条
[16:45:17] OK   603337 杰克科技: 入库 1023 条
[16:45:20] OK   002843 泰嘉股份: 入库 1023 条
[16:45:24] OK   300592 华凯易佰: 入库 1023 条
[16:45:26] OK   300598 诚迈科技: 入库 1023 条
[16:45:29] OK   603037 凯众股份: 入库 1023 条
[16:45:32] OK   603638 艾迪精密: 入库 1023 条
[16:45:35] OK   300597 吉大通信: 入库 1023 条
[16:45:38] OK   300599 雄塑科技: 入库 1023 条
[16:45:41] OK   601881 中国银河: 入库 1023 条
[16:45:44] OK   002839 张家港行: 入库 1023 条
[16:45:48] OK   603429 *ST集友: 入库 1023 条
[16:45:51] OK   002845 同兴达: 入库 1023 条
[16:45:54] OK   300578 会畅科技: 入库 1023 条
[16:45:58] OK   300600 国瑞科技: 入库 1023 条
[16:46:01] OK   603358 华达科技: 入库 1023 条
[16:46:04] OK   603966 法兰泰克: 入库 1023 条
[16:46:08] OK   300602 飞荣达: 入库 1023 条
[16:46:11] OK   300603 立昂技术: 入库 1023 条
[16:46:14] OK   603089 正裕工业: 入库 1023 条
[16:46:17] OK   603360 百傲化学: 入库 1023 条
[16:46:19] OK   603677 奇精机械: 入库 1023 条
[16:46:23] OK   002846 英联股份: 入库 1023 条
[16:46:25] OK   300601 康泰生物: 入库 1023 条
[16:46:28] OK   603177 德创环保: 入库 1023 条
[16:46:31] OK   002847 盐津铺子: 入库 1023 条
[16:46:35] OK   300605 恒锋信息: 入库 1023 条
[16:46:38] OK   300606 金太阳: 入库 1023 条
[16:46:41] OK   603637 镇海股份: 入库 1023 条
[16:46:44] OK   603881 数据港: 入库 1023 条
[16:46:46] OK   603040 新坐标: 入库 1023 条
[16:46:49] OK   603626 科森科技: 入库 1023 条
[16:46:52] OK   603208 江山欧派: 入库 1023 条
[16:46:55] OK   002848 高斯贝尔: 入库 1023 条
[16:46:59] OK   300608 思特奇: 入库 1023 条
[16:47:02] OK   300610 晨化股份: 入库 1023 条
[16:47:05] OK   603330 天洋新材: 入库 1023 条
[16:47:08] OK   603615 茶花股份: 入库 1023 条
[16:47:13] OK   603839 安正时尚: 入库 1023 条
[16:47:16] OK   300609 汇纳科技: 入库 1023 条
[16:47:19] OK   300612 宣亚国际: 入库 1023 条
[16:47:22] OK   300615 欣天科技: 入库 1023 条
[16:47:25] OK   601212 白银有色: 入库 1023 条
[16:47:27] OK   002849 威星智能: 入库 1023 条
[16:47:31] OK   300611 美力科技: 入库 1023 条
[16:47:34] OK   300613 富瀚微: 入库 1023 条
[16:47:37] OK   603817 海峡环保: 入库 1023 条
[16:47:41] OK   600939 重庆建工: 入库 1023 条
[16:47:43] OK   603238 诺邦股份: 入库 1023 条
[16:47:46] OK   603345 安井食品: 入库 1023 条
[16:47:49] OK   300617 安靠智电: 入库 1023 条
[16:47:52] OK   300619 金银河: 入库 1023 条
[16:47:55] OK   002850 科达利: 入库 1023 条
[16:47:58] OK   002851 麦格米特: 入库 1023 条
[16:48:01] OK   300618 寒锐钴业: 入库 1023 条
[16:48:04] OK   603138 海量数据: 入库 1023 条
[16:48:07] OK   603578 三星新材: 入库 1023 条
[16:48:11] OK   300616 尚品宅配: 入库 1023 条
[16:48:14] OK   603908 牧高笛: 入库 1023 条
[16:48:17] OK   603991 领先股份: 入库 1023 条
[16:48:20] OK   002852 道道全: 入库 1023 条
[16:48:23] OK   002853 皮阿诺: 入库 1023 条
[16:48:28] OK   300620 光库科技: 入库 1023 条
[16:48:31] OK   603955 大千生态: 入库 1023 条
[16:48:33] OK   603630 拉芳家化: 入库 1023 条
[16:48:36] OK   603665 康隆达: 入库 1023 条
[16:48:39] OK   300623 捷捷微电: 入库 1023 条
[16:48:42] OK   603903 中持股份: 入库 1023 条
[16:48:45] OK   603960 克来机电: 入库 1023 条
[16:48:48] OK   300622 博士眼镜: 入库 1023 条
[16:48:54] OK   603811 诚意药业: 入库 1023 条
[16:48:57] OK   300621 维业股份: 入库 1023 条
[16:48:58] ---- 本批完成，累计 500/3200 ----
[16:48:58] 批间暂停 30 秒...
[16:49:28] ---- 第 6/32 批（本批 100 只） ----
[16:49:30] OK   300625 三雄极光: 入库 1023 条
[16:49:34] OK   300628 亿联网络: 入库 1023 条
[16:49:37] OK   603179 新泉股份: 入库 1023 条
[16:49:41] OK   603517 ST绝味: 入库 1023 条
[16:49:46] OK   002856 *ST美芝: 入库 1023 条
[16:49:49] OK   300626 华瑞股份: 入库 1023 条
[16:49:52] OK   002855 捷荣技术: 入库 1023 条
[16:49:55] OK   300627 华测导航: 入库 1023 条
[16:49:59] OK   603656 泰禾智能: 入库 1023 条
[16:50:02] OK   002857 三晖电气: 入库 1023 条
[16:50:04] OK   300631 久吾高科: 入库 1023 条
[16:50:08] OK   002774 快意电梯: 入库 1023 条
[16:50:11] OK   002858 力盛体育: 入库 1023 条
[16:50:14] OK   300629 新劲刚: 入库 1023 条
[16:50:17] OK   603768 常青股份: 入库 1023 条
[16:50:21] OK   603717 天域生物: 入库 1023 条
[16:50:24] OK   603178 圣龙股份: 入库 1023 条
[16:50:28] OK   603833 欧派家居: 入库 1023 条
[16:50:31] OK   601228 广州港: 入库 1023 条
[16:50:34] OK   603041 美思德: 入库 1023 条
[16:50:38] OK   603303 得邦照明: 入库 1023 条
[16:50:42] OK   300635 中达安: 入库 1023 条
[16:50:45] OK   300636 同和药业: 入库 1023 条
[16:50:49] OK   601200 上海环境: 入库 1023 条
[16:50:52] OK   603385 惠达卫浴: 入库 1023 条
[16:50:55] OK   300632 光莆股份: 入库 1023 条
[16:50:58] OK   300633 开立医疗: 入库 1023 条
[16:51:02] OK   603586 金麒麟: 入库 1023 条
[16:51:05] OK   603538 美诺华: 入库 1023 条
[16:51:09] OK   603078 江化微: 入库 1023 条
[16:51:12] OK   603906 龙蟠科技: 入库 1023 条
[16:51:16] OK   002862 实丰文化: 入库 1023 条
[16:51:19] OK   002860 星帅尔: 入库 1023 条
[16:51:22] OK   300637 扬帆新材: 入库 1023 条
[16:51:25] OK   300639 凯普生物: 入库 1023 条
[16:51:28] OK   601366 利群股份: 入库 1023 条
[16:51:31] OK   002861 瀛通通讯: 入库 1023 条
[16:51:34] OK   300638 广和通: 入库 1023 条
[16:51:37] OK   603797 联泰环保: 入库 1023 条
[16:51:41] OK   603050 科林电气: 入库 1023 条
[16:51:44] OK   603826 坤彩科技: 入库 1023 条
[16:51:48] OK   300604 长川科技: 入库 1023 条
[16:51:51] OK   300640 德艺文创: 入库 1023 条
[16:51:54] OK   002863 今飞凯达: 入库 1023 条
[16:51:58] OK   300641 正丹股份: 入库 1023 条
[16:52:01] OK   603225 新凤鸣: 入库 1023 条
[16:52:04] OK   603081 大丰实业: 入库 1023 条
[16:52:07] OK   603803 瑞斯康达: 入库 1023 条
[16:52:10] OK   300554 三超新材: 入库 1023 条
[16:52:13] OK   300642 透景生命: 入库 1023 条
[16:52:16] OK   300645 正元智慧: 入库 1023 条
[16:52:19] OK   603139 康惠股份: 入库 1023 条
[16:52:22] OK   603232 格尔软件: 入库 1023 条
[16:52:26] OK   002865 钧达股份: 入库 1023 条
[16:52:29] OK   300648 星云股份: 入库 1023 条
[16:52:32] OK   603096 新经典: 入库 1023 条
[16:52:35] OK   002866 传艺科技: 入库 1023 条
[16:52:38] OK   300514 友讯达: 入库 1023 条
[16:52:41] OK   603920 世运电路: 入库 1023 条
[16:52:44] OK   002867 周大生: 入库 1023 条
[16:52:47] OK   603787 新日股份: 入库 1023 条
[16:52:50] OK   603320 迪贝电气: 入库 1023 条
[16:52:53] OK   002868 绿康生化: 入库 1023 条
[16:52:56] OK   300647 超频三: 入库 1023 条
[16:52:59] OK   300650 太龙股份: 入库 1023 条
[16:53:03] OK   603505 金石资源: 入库 1023 条
[16:53:06] OK   603501 豪威集团: 入库 1023 条
[16:53:10] OK   300643 万通智控: 入库 1023 条
[16:53:12] OK   300649 杭州园林: 入库 1023 条
[16:53:16] OK   603985 恒润股份: 入库 1023 条
[16:53:20] OK   300651 金陵体育: 入库 1023 条
[16:53:24] OK   603229 奥翔药业: 入库 1023 条
[16:53:27] OK   603896 寿仙谷: 入库 1023 条
[16:53:30] OK   603926 铁流股份: 入库 1023 条
[16:53:33] OK   002871 伟隆股份: 入库 1023 条
[16:53:36] OK   603086 先达股份: 入库 1023 条
[16:53:39] OK   603113 金能科技: 入库 1023 条
[16:53:43] OK   603180 金牌家居: 入库 1023 条
[16:53:46] OK   002869 金溢科技: 入库 1023 条
[16:53:49] OK   002870 香山股份: 入库 1023 条
[16:53:51] OK   601952 苏垦农发: 入库 1023 条
[16:53:54] OK   300652 雷迪克: 入库 1023 条
[16:53:58] OK   300653 正海生物: 入库 1023 条
[16:54:01] OK   603488 展鹏科技: 入库 1023 条
[16:54:04] OK   603269 海鸥股份: 入库 1023 条
[16:54:07] OK   603758 秦安股份: 入库 1023 条
[16:54:10] OK   002872 ST天圣: 入库 1023 条
[16:54:12] OK   002873 新天药业: 入库 1023 条
[16:54:15] OK   300656 民德电子: 入库 1023 条
[16:54:19] OK   603197 保隆科技: 入库 1023 条
[16:54:21] OK   603383 顶点软件: 入库 1023 条
[16:54:24] OK   300655 晶瑞电材: 入库 1023 条
[16:54:27] OK   300657 弘信电子: 入库 1023 条
[16:54:31] OK   603855 华荣股份: 入库 1023 条
[16:54:34] OK   002876 三利谱: 入库 1023 条
[16:54:37] OK   603580 艾艾精工: 入库 1023 条
[16:54:40] OK   300659 中孚信息: 入库 1023 条
[16:54:44] OK   603196 璞源材料: 入库 1023 条
[16:54:46] OK   002875 安奈儿: 入库 1023 条
[16:54:50] OK   603200 上海洗霸: 入库 1023 条
[16:54:51] ---- 本批完成，累计 600/3200 ----
[16:54:51] 批间暂停 30 秒...
[16:55:21] ---- 第 7/32 批（本批 100 只） ----
[16:55:24] OK   300658 延江股份: 入库 1023 条
[16:55:28] OK   300660 江苏雷利: 入库 1023 条
[16:55:31] OK   603042 华脉科技: 入库 1023 条
[16:55:34] OK   002877 智能自控: 入库 1023 条
[16:55:36] OK   002878 元隆雅图: 入库 1023 条
[16:55:40] OK   300661 圣邦股份: 入库 1023 条
[16:55:45] OK   603496 恒为科技: 入库 1023 条
[16:55:48] OK   300662 科锐国际: 入库 1023 条
[16:55:51] OK   300663 科蓝软件: 入库 1023 条
[16:55:54] OK   300665 飞鹿股份: 入库 1023 条
[16:55:57] OK   603536 惠发食品: 入库 1023 条
[16:56:00] OK   603767 中马传动: 入库 1023 条
[16:56:04] OK   603879 永悦科技: 入库 1023 条
[16:56:07] OK   300666 江丰电子: 入库 1023 条
[16:56:10] OK   603226 菲林格尔: 入库 1023 条
[16:56:13] OK   603980 吉华集团: 入库 1023 条
[16:56:16] OK   002880 卫光生物: 入库 1023 条
[16:56:18] OK   603326 我乐家居: 入库 1023 条
[16:56:22] OK   300667 必创科技: 入库 1023 条
[16:56:25] OK   300668 杰恩股份: 入库 1023 条
[16:56:28] OK   603316 诚邦股份: 入库 1023 条
[16:56:31] OK   002883 *ST中设: 入库 1023 条
[16:56:34] OK   603335 迪生力: 入库 1023 条
[16:56:37] OK   603679 华体科技: 入库 1023 条
[16:56:41] OK   002881 美格智能: 入库 1023 条
[16:56:44] OK   603380 易德龙: 入库 1023 条
[16:56:46] OK   601878 浙商证券: 入库 1023 条
[16:56:50] OK   002885 京泉华: 入库 1023 条
[16:56:52] OK   002886 沃特股份: 入库 1023 条
[16:56:56] OK   603043 广州酒家: 入库 1023 条
[16:57:00] OK   603286 日盈电子: 入库 1023 条
[16:57:03] OK   603938 三孚股份: 入库 1023 条
[16:57:06] OK   300669 沪宁股份: 入库 1023 条
[16:57:09] OK   603801 志邦家居: 入库 1023 条
[16:57:12] OK   300670 大烨智能: 入库 1023 条
[16:57:15] OK   603617 君禾股份: 入库 1023 条
[16:57:19] OK   300671 富满微: 入库 1023 条
[16:57:22] OK   603331 百达精工: 入库 1023 条
[16:57:25] OK   603933 睿能科技: 入库 1023 条
[16:57:29] OK   002879 长缆科技: 入库 1023 条
[16:57:33] OK   603305 旭升集团: 入库 1023 条
[16:57:36] OK   002884 凌霄泵业: 入库 1023 条
[16:57:40] OK   300673 佩蒂股份: 入库 1023 条
[16:57:46] OK   603757 大元泵业: 入库 1023 条
[16:57:49] OK   300672 国科微: 入库 1023 条
[16:57:52] OK   603595 ST东尼: 入库 1023 条
[16:57:55] OK   300676 华大基因: 入库 1023 条
[16:57:59] OK   002882 金龙羽: 入库 1023 条
[16:58:02] OK   603387 基蛋生物: 入库 1023 条
[16:58:06] OK   603612 索通发展: 入库 1023 条
[16:58:09] OK   300675 建科院: 入库 1023 条
[16:58:12] OK   603707 健友股份: 入库 1023 条
[16:58:16] OK   601619 嘉泽新能: 入库 1023 条
[16:58:19] OK   002888 惠威科技: 入库 1023 条
[16:58:22] OK   300677 英科医疗: 入库 1023 条
[16:58:24] OK   603676 卫信康: 入库 1023 条
[16:58:27] OK   300680 隆盛科技: 入库 1023 条
[16:58:31] OK   300681 英搏尔: 入库 1023 条
[16:58:34] OK   300678 中科信息: 入库 1023 条
[16:58:38] OK   603063 禾望电气: 入库 1023 条
[16:58:42] OK   603730 岱美股份: 入库 1023 条
[16:58:45] OK   002889 东方嘉盛: 入库 1023 条
[16:58:48] OK   300679 电连技术: 入库 1023 条
[16:58:52] OK   603233 大参林: 入库 1023 条
[16:58:55] OK   002887 绿茵生态: 入库 1023 条
[16:58:59] OK   300682 朗新科技: 入库 1023 条
[16:59:02] OK   603357 设计总院: 入库 1023 条
[16:59:06] OK   002890 弘宇股份: 入库 1023 条
[16:59:09] OK   300685 艾德生物: 入库 1023 条
[16:59:12] OK   603825 ST华扬: 入库 1023 条
[16:59:16] OK   603860 中公高科: 入库 1023 条
[16:59:19] OK   300687 赛意信息: 入库 1023 条
[16:59:22] OK   300686 智动力: 入库 1023 条
[16:59:25] OK   603880 南卫股份: 入库 1023 条
[16:59:29] OK   603978 深圳新星: 入库 1023 条
[16:59:32] OK   300683 海特生物: 入库 1023 条
[16:59:35] OK   300690 双一科技: 入库 1023 条
[16:59:38] OK   603535 嘉诚国际: 入库 1023 条
[16:59:42] OK   300689 澄天伟业: 入库 1023 条
[16:59:45] OK   603458 勘设股份: 入库 1023 条
[16:59:48] OK   300688 创业黑马: 入库 1023 条
[16:59:52] OK   603602 纵横通信: 入库 1023 条
[16:59:56] OK   300691 联合光电: 入库 1023 条
[16:59:59] OK   603721 中广天择: 入库 1023 条
[17:00:03] OK   601326 秦港股份: 入库 1023 条
[17:00:08] OK   002892 科力尔: 入库 1023 条
[17:00:12] OK   603776 永安行: 入库 1023 条
[17:00:15] OK   603129 春风动力: 入库 1023 条
[17:00:19] OK   603557 *ST起步: 入库 1023 条
[17:00:22] OK   002891 中宠股份: 入库 1023 条
[17:00:26] OK   300692 中赋科技: 入库 1023 条
[17:00:29] OK   601949 中国出版: 入库 1023 条
[17:00:34] OK   300693 盛弘股份: 入库 1023 条
[17:00:37] OK   300696 爱乐达: 入库 1023 条
[17:00:40] OK   603976 正川股份: 入库 1023 条
[17:00:46] OK   603079 圣达生物: 入库 1023 条
[17:00:50] OK   603181 皇马科技: 入库 1023 条
[17:00:54] OK   002895 川恒股份: 入库 1023 条
[17:00:57] OK   603127 昭衍新药: 入库 1023 条
[17:01:01] OK   002896 中大力德: 入库 1023 条
[17:01:02] ---- 本批完成，累计 700/3200 ----
[17:01:02] 批间暂停 30 秒...
[17:01:32] ---- 第 8/32 批（本批 100 只） ----
[17:01:37] OK   300698 万马科技: 入库 1023 条
[17:01:42] OK   300699 光威复材: 入库 1023 条
[17:01:46] OK   603359 *ST东珠: 入库 1023 条
[17:01:51] OK   603500 祥和实业: 入库 1023 条
[17:01:56] OK   603183 建研院: 入库 1023 条
[17:02:00] OK   603725 天安新材: 入库 1023 条
[17:02:04] OK   002897 意华股份: 入库 1023 条
[17:02:08] OK   300697 电工合金: 入库 1023 条
[17:02:11] OK   603527 众源新材: 入库 1023 条
[17:02:16] OK   300695 兆丰股份: 入库 1023 条
[17:02:20] OK   603882 金域医学: 入库 1023 条
[17:02:23] OK   603277 银都股份: 入库 1023 条
[17:02:26] OK   300700 岱勒新材: 入库 1023 条
[17:02:33] OK   603386 骏亚科技: 入库 1023 条
[17:02:37] OK   603648 畅联股份: 入库 1023 条
[17:02:40] OK   002893 京能热力: 入库 1023 条
[17:02:43] OK   002899 英派斯: 入库 1023 条
[17:02:47] OK   300701 森霸传感: 入库 1023 条
[17:02:51] OK   603321 梅轮电梯: 入库 1023 条
[17:02:54] OK   603813 原尚股份: 入库 1023 条
[17:02:58] OK   300702 天宇股份: 入库 1023 条
[17:03:01] OK   300703 创源股份: 入库 1023 条
[17:03:06] OK   603106 恒银科技: 入库 1023 条
[17:03:09] OK   603055 台华新材: 入库 1023 条
[17:03:12] OK   603533 掌阅科技: 入库 1023 条
[17:03:16] OK   002900 哈三联: 入库 1023 条
[17:03:23] OK   002901 大博医疗: 入库 1023 条
[17:03:28] OK   300654 世纪天鸿: 入库 1023 条
[17:03:33] OK   300706 阿石创: 入库 1023 条
[17:03:36] OK   603363 傲农生物: 入库 1023 条
[17:03:39] OK   603136 天目湖: 入库 1023 条
[17:03:43] OK   603378 *ST亚士: 入库 1023 条
[17:03:48] OK   002902 铭普光磁: 入库 1023 条
[17:03:51] OK   601086 国芳集团: 入库 1023 条
[17:03:54] OK   603367 辰欣药业: 入库 1023 条
[17:03:57] OK   300705 九典制药: 入库 1023 条
[17:04:00] OK   300707 威唐工业: 入库 1023 条
[17:04:03] OK   603103 横店影视: 入库 1023 条
[17:04:06] OK   002903 宇环数控: 入库 1023 条
[17:04:09] OK   002906 华阳集团: 入库 1023 条
[17:04:13] OK   603110 东方材料: 入库 1023 条
[17:04:17] OK   002905 金逸影视: 入库 1023 条
[17:04:21] OK   300708 聚灿光电: 入库 1023 条
[17:04:25] OK   603499 翔港科技: 入库 1023 条
[17:04:29] OK   603829 洛凯股份: 入库 1023 条
[17:04:33] OK   603396 金辰股份: 入库 1023 条
[17:04:36] OK   300709 精研科技: 入库 1023 条
[17:04:42] OK   300710 万隆光电: 入库 1023 条
[17:04:46] OK   002907 华森制药: 入库 1023 条
[17:04:50] OK   002908 德生科技: 入库 1023 条
[17:04:55] OK   603466 风语筑: 入库 1023 条
[17:05:00] OK   603683 晶华新材: 入库 1023 条
[17:05:06] OK   603922 ST金鸿顺: 入库 1023 条
[17:05:12] OK   601108 财通证券: 入库 1023 条
[17:05:16] OK   603607 京华激光: 入库 1023 条
[17:05:20] OK   603722 阿科力: 入库 1023 条
[17:05:24] OK   002909 集泰股份: 入库 1023 条
[17:05:27] OK   300715 凯伦股份: 入库 1023 条
[17:05:31] OK   603260 合盛硅业: 入库 1023 条
[17:05:37] OK   002910 庄园牧场: 入库 1023 条
[17:05:41] OK   300712 永福股份: 入库 1023 条
[17:05:44] OK   603289 泰瑞机器: 入库 1023 条
[17:05:49] OK   300711 广哈通信: 入库 1023 条
[17:05:54] OK   300713 英可瑞: 入库 1023 条
[17:05:58] OK   603912 佳力图: 入库 1023 条
[17:06:02] OK   603937 丽岛新材: 入库 1023 条
[17:06:08] OK   603659 璞泰来: 入库 1023 条
[17:06:11] OK   300717 华信新材: 入库 1023 条
[17:06:15] OK   300718 长盛轴承: 入库 1023 条
[17:06:20] OK   300720 海川智能: 入库 1023 条
[17:06:24] OK   603507 振江股份: 入库 1023 条
[17:06:29] OK   603856 东宏股份: 入库 1023 条
[17:06:33] OK   600903 贵州燃气: 入库 1023 条
[17:06:37] OK   300716 *ST泉为: 入库 1023 条
[17:06:40] OK   300719 安达维尔: 入库 1023 条
[17:06:45] OK   300722 新余国科: 入库 1023 条
[17:06:48] OK   300725 药石科技: 入库 1023 条
[17:06:52] OK   603083 剑桥科技: 入库 1023 条
[17:06:55] OK   603916 苏博特: 入库 1023 条
[17:06:58] OK   603076 乐惠国际: 入库 1023 条
[17:07:01] OK   603278 大业股份: 入库 1023 条
[17:07:05] OK   300721 怡达股份: 入库 1023 条
[17:07:07] OK   603605 珀莱雅: 入库 1023 条
[17:07:10] OK   002864 盘龙药业: 入库 1023 条
[17:07:14] OK   300723 一品红: 入库 1023 条
[17:07:18] OK   603970 中农立华: 入库 1023 条
[17:07:20] OK   600933 爱柯迪: 入库 1023 条
[17:07:25] OK   603619 中曼石油: 入库 1023 条
[17:07:28] OK   603365 水星家纺: 入库 1023 条
[17:07:31] OK   002912 中新赛克: 入库 1023 条
[17:07:33] OK   300726 宏达电子: 入库 1023 条
[17:07:37] OK   603661 恒林股份: 入库 1023 条
[17:07:39] OK   002911 佛燃能源: 入库 1023 条
[17:07:42] OK   601019 山东出版: 入库 1023 条
[17:07:44] OK   300727 润禾材料: 入库 1023 条
[17:07:47] OK   603685 晨丰科技: 入库 1023 条
[17:07:50] OK   603809 豪能股份: 入库 1023 条
[17:07:53] OK   603711 香飘飘: 入库 1023 条
[17:07:55] OK   002913 奥士康: 入库 1023 条
[17:07:58] OK   300729 乐歌股份: 入库 1023 条
[17:07:59] ---- 本批完成，累计 800/3200 ----
[17:07:59] 批间暂停 30 秒...
[17:08:29] ---- 第 9/32 批（本批 100 只） ----
[17:08:31] OK   603848 好太太: 入库 1023 条
[17:08:34] OK   603917 合力科技: 入库 1023 条
[17:08:37] OK   002915 中欣氟材: 入库 1023 条
[17:08:40] OK   300730 科创信息: 入库 1023 条
[17:08:43] OK   002917 金奥博: 入库 1023 条
[17:08:46] OK   300731 科创新源: 入库 1023 条
[17:08:51] OK   300732 设研院: 入库 1023 条
[17:08:54] OK   603890 春秋电子: 入库 1023 条
[17:08:56] OK   002916 深南电路: 入库 1023 条
[17:08:59] OK   600025 华能水电: 入库 1023 条
[17:09:02] OK   002919 名臣健康: 入库 1023 条
[17:09:04] OK   603477 巨星农牧: 入库 1023 条
[17:09:08] OK   002918 蒙娜丽莎: 入库 1023 条
[17:09:10] OK   001965 招商公路: 入库 1023 条
[17:09:13] OK   603283 赛腾股份: 入库 1023 条
[17:09:15] OK   002920 德赛西威: 入库 1023 条
[17:09:19] OK   002921 联诚精密: 入库 1023 条
[17:09:21] OK   300684 中石科技: 入库 1023 条
[17:09:24] OK   002922 伊戈尔: 入库 1023 条
[17:09:26] OK   300735 光弘科技: 入库 1023 条
[17:09:29] OK   603329 上海雅仕: 入库 1023 条
[17:09:31] OK   603655 朗博科技: 入库 1023 条
[17:09:34] OK   603080 新疆火炬: 入库 1023 条
[17:09:36] OK   002923 润都股份: 入库 1023 条
[17:09:39] OK   300664 鹏鹞环保: 入库 1023 条
[17:09:42] OK   603161 科华控股: 入库 1023 条
[17:09:45] OK   300736 百邦科技: 入库 1023 条
[17:09:49] OK   002925 盈趣科技: 入库 1023 条
[17:09:51] OK   300733 西菱动力: 入库 1023 条
[17:09:54] OK   601828 美凯龙: 入库 1023 条
[17:09:56] OK   300624 万兴科技: 入库 1023 条
[17:09:59] OK   300738 奥飞数据: 入库 1023 条
[17:10:03] OK   603895 天永智能: 入库 1023 条
[17:10:05] OK   603356 华菱精工: 入库 1023 条
[17:10:09] OK   300737 科顺股份: 入库 1023 条
[17:10:12] OK   601838 成都银行: 入库 1023 条
[17:10:14] OK   300739 明阳电路: 入库 1023 条
[17:10:17] OK   603506 南都物业: 入库 1023 条
[17:10:19] OK   603516 淳中科技: 入库 1023 条
[17:10:22] OK   002926 华西证券: 入库 1023 条
[17:10:25] OK   300644 南京聚隆: 入库 1023 条
[17:10:28] OK   603871 嘉友国际: 入库 1023 条
[17:10:32] OK   300740 水羊股份: 入库 1023 条
[17:10:35] OK   603709 中源家居: 入库 1023 条
[17:10:38] OK   603156 养元饮品: 入库 1023 条
[17:10:41] OK   002927 泰永长征: 入库 1023 条
[17:10:46] OK   603712 七一二: 入库 1023 条
[17:10:48] OK   603680 今创集团: 入库 1023 条
[17:10:53] OK   002929 润建股份: 入库 1023 条
[17:10:56] OK   300741 华宝股份: 入库 1023 条
[17:10:59] OK   600901 江苏金租: 入库 1023 条
[17:11:02] OK   002928 华夏航空: 入库 1023 条
[17:11:05] OK   603059 倍加洁: 入库 1023 条
[17:11:07] OK   300634 彩讯股份: 入库 1023 条
[17:11:11] OK   600929 雪天盐业: 入库 1023 条
[17:11:14] OK   002930 宏川智慧: 入库 1023 条
[17:11:16] OK   300504 天邑股份: 入库 1023 条
[17:11:19] OK   603214 爱婴室: 入库 1023 条
[17:11:22] OK   002931 锋龙股份: 入库 1023 条
[17:11:26] OK   603897 长城科技: 入库 1023 条
[17:11:30] OK   603301 振德医疗: 入库 1023 条
[17:11:32] OK   603876 鼎胜新材: 入库 1023 条
[17:11:34] OK   603733 仙鹤股份: 入库 1023 条
[17:11:37] OK   603348 文灿股份: 入库 1023 条
[17:11:39] OK   300743 天地数码: 入库 1023 条
[17:11:41] OK   603596 伯特利: 入库 1023 条
[17:11:43] OK   603259 药明康德: 入库 1023 条
[17:11:45] OK   603013 亚普股份: 入库 1023 条
[17:11:47] OK   300454 深信服: 入库 1023 条
[17:11:50] OK   603045 福达合金: 入库 1023 条
[17:11:52] OK   300745 欣锐科技: 入库 1023 条
[17:11:54] OK   300746 汉嘉数智: 入库 1023 条
[17:11:56] OK   603486 科沃斯: 入库 1023 条
[17:11:58] OK   601138 工业富联: 入库 1023 条
[17:12:00] OK   300750 宁德时代: 入库 1023 条
[17:12:03] OK   601330 绿色动力: 入库 1023 条
[17:12:05] OK   603666 亿嘉和: 入库 1023 条
[17:12:07] OK   601990 南京证券: 入库 1023 条
[17:12:09] OK   601066 中信建投: 入库 1023 条
[17:12:11] OK   603587 地素时尚: 入库 1023 条
[17:12:14] OK   300747 锐科激光: 入库 1023 条
[17:12:16] OK   603650 彤程新材: 入库 1023 条
[17:12:18] OK   603693 江苏新能: 入库 1023 条
[17:12:20] OK   603105 芯能科技: 入库 1023 条
[17:12:22] OK   603706 东方环宇: 入库 1023 条
[17:12:24] OK   002932 *ST明德: 入库 1023 条
[17:12:27] OK   603713 密尔克卫: 入库 1023 条
[17:12:29] OK   601869 长飞光纤: 入库 1023 条
[17:12:31] OK   603657 春光科技: 入库 1023 条
[17:12:33] OK   601606 长城军工: 入库 1023 条
[17:12:35] OK   300724 捷佳伟创: 入库 1023 条
[17:12:38] OK   603590 康辰药业: 入库 1023 条
[17:12:40] OK   002933 新兴装备: 入库 1023 条
[17:12:42] OK   603192 汇得科技: 入库 1023 条
[17:12:44] OK   601068 中铝国际: 入库 1023 条
[17:12:46] OK   002935 天奥电子: 入库 1023 条
[17:12:48] OK   603297 永新光学: 入库 1023 条
[17:12:51] OK   603790 雅运股份: 入库 1023 条
[17:12:53] OK   603810 丰山集团: 入库 1023 条
[17:12:55] OK   002938 鹏鼎控股: 入库 1023 条
[17:12:56] ---- 本批完成，累计 900/3200 ----
[17:12:56] 批间暂停 30 秒...
[17:13:26] ---- 第 10/32 批（本批 100 只） ----
[17:13:27] OK   002936 郑州银行: 入库 1023 条
[17:13:29] OK   603583 捷昌驱动: 入库 1023 条
[17:13:32] OK   300749 顶固集创: 入库 1023 条
[17:13:34] OK   002937 兴瑞科技: 入库 1023 条
[17:13:36] OK   601577 长沙银行: 入库 1023 条
[17:13:38] OK   300694 蠡湖股份: 入库 1023 条
[17:13:40] OK   300760 迈瑞医疗: 入库 1023 条
[17:13:42] OK   601162 天风证券: 入库 1023 条
[17:13:45] OK   002940 昂利康: 入库 1023 条
[17:13:47] OK   002939 长城证券: 入库 1023 条
[17:13:49] OK   300674 宇信科技: 入库 1023 条
[17:13:51] OK   300751 迈为股份: 入库 1023 条
[17:13:53] OK   603220 中贝通信: 入库 1023 条
[17:13:56] OK   601319 中国人保: 入库 1023 条
[17:13:58] OK   002941 新疆交建: 入库 1023 条
[17:14:00] OK   002943 宇晶股份: 入库 1023 条
[17:14:02] OK   603187 海容冷链: 入库 1023 条
[17:14:05] OK   300752 隆利科技: 入库 1023 条
[17:14:08] OK   002942 新农股份: 入库 1023 条
[17:14:11] OK   300753 爱朋医疗: 入库 1023 条
[17:14:13] OK   603629 利通电子: 入库 1023 条
[17:14:16] OK   300756 金马游乐: 入库 1023 条
[17:14:19] OK   603185 弘元绿能: 入库 1023 条
[17:14:21] OK   601860 紫金银行: 入库 1023 条
[17:14:24] OK   300757 罗博特科: 入库 1023 条
[17:14:26] OK   601975 招商南油: 入库 1023 条
[17:14:29] OK   603121 华培动力: 入库 1023 条
[17:14:31] OK   002948 青岛银行: 入库 1023 条
[17:14:34] OK   603739 蔚蓝生物: 入库 1023 条
[17:14:37] OK   002945 华林证券: 入库 1023 条
[17:14:39] OK   603332 苏州龙杰: 入库 1023 条
[17:14:42] OK   601598 中国外运: 入库 1023 条
[17:14:44] OK   601298 青岛港: 入库 1023 条
[17:14:47] OK   603700 宁水集团: 入库 1023 条
[17:14:50] OK   601615 明阳智能: 入库 1023 条
[17:14:52] OK   002946 新乳业: 入库 1023 条
[17:14:55] OK   300759 康龙化成: 入库 1023 条
[17:14:58] OK   300755 华致酒行: 入库 1023 条
[17:15:00] OK   603351 威尔药业: 入库 1023 条
[17:15:03] OK   002947 恒铭达: 入库 1023 条
[17:15:05] OK   601865 福莱特: 入库 1023 条
[17:15:08] OK   300761 立华股份: 入库 1023 条
[17:15:10] OK   300758 七彩化学: 入库 1023 条
[17:15:13] OK   603956 威派格: 入库 1023 条
[17:15:15] OK   002949 华阳国际: 入库 1023 条
[17:15:18] OK   600928 西安银行: 入库 1023 条
[17:15:21] OK   002950 奥美医疗: 入库 1023 条
[17:15:23] OK   300762 上海瀚讯: 入库 1023 条
[17:15:26] OK   002951 金时科技: 入库 1023 条
[17:15:28] OK   300763 锦浪科技: 入库 1023 条
[17:15:31] OK   300765 石药创新: 入库 1023 条
[17:15:33] OK   300766 每日互动: 入库 1023 条
[17:15:36] OK   002958 青农商行: 入库 1023 条
[17:15:39] OK   603681 永冠新材: 入库 1023 条
[17:15:41] OK   002952 亚世光电: 入库 1023 条
[17:15:44] OK   300767 震安科技: 入库 1023 条
[17:15:46] OK   603379 三美股份: 入库 1023 条
[17:15:49] OK   300768 迪普科技: 入库 1023 条
[17:15:51] OK   300769 德方纳米: 入库 1023 条
[17:15:54] OK   603068 博通集成: 入库 1023 条
[17:15:57] OK   603317 天味食品: 入库 1023 条
[17:15:59] OK   300770 新媒股份: 入库 1023 条
[17:16:01] OK   300771 智莱科技: 入库 1023 条
[17:16:04] OK   300773 拉卡拉: 入库 1023 条
[17:16:06] OK   300772 运达股份: 入库 1023 条
[17:16:09] OK   603967 中创物流: 入库 1023 条
[17:16:12] OK   603697 有友食品: 入库 1023 条
[17:16:14] OK   002953 日丰股份: 入库 1023 条
[17:16:17] OK   300778 新城市: 入库 1023 条
[17:16:19] OK   603267 鸿远电子: 入库 1023 条
[17:16:22] OK   300777 中简科技: 入库 1023 条
[17:16:25] OK   600989 宝丰能源: 入库 1023 条
[17:16:27] OK   300776 帝尔激光: 入库 1023 条
[17:16:30] OK   300775 三角防务: 入库 1023 条
[17:16:32] OK   300779 惠城环保: 入库 1023 条
[17:16:35] OK   603982 泉峰汽车: 入库 1023 条
[17:16:38] OK   002955 鸿合科技: 入库 1023 条
[17:16:40] OK   603327 福蓉科技: 入库 1023 条
[17:16:42] OK   300780 德恩精工: 入库 1023 条
[17:16:45] OK   300781 因赛集团: 入库 1023 条
[17:16:48] OK   603915 国茂股份: 入库 1023 条
[17:16:50] OK   300782 卓胜微: 入库 1023 条
[17:16:53] OK   002956 西麦食品: 入库 1023 条
[17:16:55] OK   603217 元利科技: 入库 1023 条
[17:16:58] OK   300594 ST朗进: 入库 1023 条
[17:17:01] OK   603863 松炀资源: 入库 1023 条
[17:17:03] OK   600968 海油发展: 入库 1023 条
[17:17:06] OK   603867 新化股份: 入库 1023 条
[17:17:08] OK   601698 中国卫通: 入库 1023 条
[17:17:11] OK   300788 中信出版: 入库 1023 条
[17:17:13] OK   601236 红塔证券: 入库 1023 条
[17:17:16] OK   300783 三只松鼠: 入库 1023 条
[17:17:18] OK   300785 值得买: 入库 1023 条
[17:17:21] OK   603236 移远通信: 入库 1023 条
[17:17:24] OK   688001 华兴源创: 入库 1023 条
[17:17:26] OK   688002 睿创微纳: 入库 1023 条
[17:17:29] OK   688003 天准科技: 入库 1023 条
[17:17:32] OK   688005 容百科技: 入库 1023 条
[17:17:34] OK   688006 杭可科技: 入库 1023 条
[17:17:37] OK   688007 光峰科技: 入库 1023 条
[17:17:38] ---- 本批完成，累计 1000/3200 ----
[17:17:38] 批间暂停 30 秒...
[17:18:08] ---- 第 11/32 批（本批 100 只） ----
[17:18:09] OK   688008 澜起科技: 入库 1023 条
[17:18:11] OK   688009 中国通号: 入库 1023 条
[17:18:14] OK   688010 福光股份: 入库 1023 条
[17:18:17] OK   688011 新光光电: 入库 1023 条
[17:18:19] OK   688015 交控科技: 入库 1023 条
[17:18:22] OK   688016 心脉医疗: 入库 1023 条
[17:18:24] OK   688018 乐鑫科技: 入库 1023 条
[17:18:27] OK   688019 安集科技: 入库 1023 条
[17:18:29] OK   688020 方邦股份: 入库 1023 条
[17:18:32] OK   688022 ST瀚川: 入库 1023 条
[17:18:34] OK   688028 沃尔德: 入库 1023 条
[17:18:37] OK   688029 南微医学: 入库 1023 条
[17:18:40] OK   688033 *ST天宜: 入库 1023 条
[17:18:42] OK   688066 *ST航图: 入库 1023 条
[17:18:45] OK   688088 虹软科技: 入库 1023 条
[17:18:47] OK   688122 西部超导: 入库 1023 条
[17:18:50] OK   688333 铂力特: 入库 1023 条
[17:18:52] OK   688388 嘉元科技: 入库 1023 条
[17:18:55] OK   300786 国林科技: 入库 1023 条
[17:18:57] OK   603983 丸美生物: 入库 1023 条
[17:19:00] OK   002957 科瑞技术: 入库 1023 条
[17:19:03] OK   603687 大胜达: 入库 1023 条
[17:19:05] OK   603279 景津装备: 入库 1023 条
[17:19:08] OK   603613 国联股份: 入库 1023 条
[17:19:10] OK   002966 苏州银行: 入库 1023 条
[17:19:13] OK   603530 神马电力: 入库 1023 条
[17:19:15] OK   603662 柯力传感: 入库 1023 条
[17:19:18] OK   688099 晶晨股份: 入库 1023 条
[17:19:21] OK   688188 柏楚电子: 入库 1023 条
[17:19:23] OK   002960 青鸟智控: 入库 1023 条
[17:19:26] OK   603115 海星股份: 入库 1023 条
[17:19:28] OK   688321 微芯生物: 入库 1023 条
[17:19:31] OK   300787 海能实业: 入库 1023 条
[17:19:33] OK   002959 小熊电器: 入库 1023 条
[17:19:36] OK   003816 中国广核: 入库 1023 条
[17:19:38] OK   603992 松霖科技: 入库 1023 条
[17:19:41] OK   300789 唐源电气: 入库 1023 条
[17:19:43] OK   603755 日辰股份: 入库 1023 条
[17:19:46] OK   603093 南华期货: 入库 1023 条
[17:19:48] OK   002961 瑞达期货: 入库 1023 条
[17:19:51] OK   688168 安博通: 入库 1023 条
[17:19:54] OK   603927 中科软: 入库 1023 条
[17:19:56] OK   002962 五方光电: 入库 1023 条
[17:19:59] OK   300790 宇瞳光学: 入库 1023 条
[17:20:02] OK   300791 仙乐健康: 入库 1023 条
[17:20:04] OK   688116 天奈科技: 入库 1023 条
[17:20:07] OK   300792 壹网壹创: 入库 1023 条
[17:20:10] OK   688030 山石网科: 入库 1023 条
[17:20:12] OK   688036 传音控股: 入库 1023 条
[17:20:14] OK   688068 热景生物: 入库 1023 条
[17:20:17] OK   688368 晶丰明源: 入库 1023 条
[17:20:19] OK   603786 科博达: 入库 1023 条
[17:20:21] OK   300793 佳禾智能: 入库 1023 条
[17:20:24] OK   603815 交建股份: 入库 1023 条
[17:20:26] OK   300795 米奥会展: 入库 1023 条
[17:20:28] OK   002965 祥鑫科技: 入库 1023 条
[17:20:30] OK   688139 海尔生物: 入库 1023 条
[17:20:33] OK   002963 豪尔赛: 入库 1023 条
[17:20:35] OK   688098 申联生物: 入库 1023 条
[17:20:37] OK   601077 渝农商行: 入库 1023 条
[17:20:40] OK   603610 麒盛科技: 入库 1023 条
[17:20:42] OK   688108 赛诺医疗: 入库 1023 条
[17:20:44] OK   688366 昊海生科: 入库 1023 条
[17:20:46] OK   688025 杰普特: 入库 1023 条
[17:20:48] OK   688369 致远互联: 入库 1023 条
[17:20:51] OK   300797 钢研纳克: 入库 1023 条
[17:20:53] OK   688058 宝兰德: 入库 1023 条
[17:20:55] OK   688023 安恒信息: 入库 1023 条
[17:20:58] OK   688128 中国电研: 入库 1023 条
[17:21:00] OK   688199 久日新材: 入库 1023 条
[17:21:02] OK   688202 美迪西: 入库 1023 条
[17:21:04] OK   688389 普门科技: 入库 1023 条
[17:21:07] OK   300800 力合科技: 入库 1023 条
[17:21:09] OK   688021 奥福科技: 入库 1023 条
[17:21:11] OK   688288 鸿泉技术: 入库 1023 条
[17:21:14] OK   688299 长阳科技: 入库 1023 条
[17:21:17] OK   688363 华熙生物: 入库 1023 条
[17:21:22] OK   002967 广电计量: 入库 1023 条
[17:21:25] OK   300564 筑博设计: 入库 1023 条
[17:21:27] OK   688166 博瑞医药: 入库 1023 条
[17:21:30] OK   603489 八方股份: 入库 1023 条
[17:21:32] OK   300802 矩子科技: 入库 1023 条
[17:21:34] OK   300796 贝斯美: 入库 1023 条
[17:21:37] OK   688101 三达膜: 入库 1023 条
[17:21:39] OK   688300 联瑞新材: 入库 1023 条
[17:21:41] OK   300803 指南针: 入库 1023 条
[17:21:44] OK   688111 金山办公: 入库 1023 条
[17:21:46] OK   688138 清溢光电: 入库 1023 条
[17:21:48] OK   300805 电声股份: 入库 1023 条
[17:21:51] OK   688196 卓越新能: 入库 1023 条
[17:21:53] OK   300798 锦鸡股份: 入库 1023 条
[17:21:55] OK   300806 斯迪克: 入库 1023 条
[17:21:58] OK   603390 通达电气: 入库 1023 条
[17:22:00] OK   601916 浙商银行: 入库 1023 条
[17:22:02] OK   300801 泰和科技: 入库 1023 条
[17:22:05] OK   300808 久量股份: 入库 1023 条
[17:22:07] OK   002969 嘉美包装: 入库 1023 条
[17:22:10] OK   002968 新大正: 入库 1023 条
[17:22:12] OK   688310 迈得医疗: 入库 1023 条
[17:22:14] OK   688358 祥生医疗: 入库 1023 条
[17:22:15] ---- 本批完成，累计 1100/3200 ----
[17:22:15] 批间暂停 30 秒...
[17:22:45] ---- 第 12/32 批（本批 100 只） ----
[17:22:47] OK   300809 华辰装备: 入库 1023 条
[17:22:49] OK   688118 普元信息: 入库 1023 条
[17:22:51] OK   688357 建龙微纳: 入库 1023 条
[17:22:53] OK   688399 硕世生物: 入库 1023 条
[17:22:55] OK   300810 中科海讯: 入库 1023 条
[17:22:58] OK   688198 佰仁医疗: 入库 1023 条
[17:23:00] OK   688258 卓易信息: 入库 1023 条
[17:23:02] OK   601658 邮储银行: 入库 1023 条
[17:23:04] OK   688039 当虹科技: 入库 1023 条
[17:23:06] OK   688218 江苏北人: 入库 1023 条
[17:23:09] OK   688037 芯源微: 入库 1023 条
[17:23:11] OK   002970 锐明技术: 入库 1023 条
[17:23:13] OK   603053 成都燃气: 入库 1023 条
[17:23:15] OK   300807 天迈科技: 入库 1023 条
[17:23:18] OK   688089 ST嘉必优: 入库 1023 条
[17:23:20] OK   601512 中新集团: 入库 1023 条
[17:23:22] OK   688123 聚辰股份: 入库 1023 条
[17:23:24] OK   603995 甬金股份: 入库 1023 条
[17:23:26] OK   688268 华特气体: 入库 1023 条
[17:23:29] OK   002972 科安达: 入库 1023 条
[17:23:31] OK   300811 铂科新材: 入库 1023 条
[17:23:33] OK   688078 龙软科技: 入库 1023 条
[17:23:35] OK   603109 神驰机电: 入库 1023 条
[17:23:38] OK   002973 侨银股份: 入库 1023 条
[17:23:40] OK   688081 兴图新科: 入库 1023 条
[17:23:42] OK   688181 八亿时空: 入库 1023 条
[17:23:44] OK   300812 易天股份: 入库 1023 条
[17:23:46] OK   002971 和远气体: 入库 1023 条
[17:23:48] OK   300813 泰林生物: 入库 1023 条
[17:23:51] OK   688178 万德斯: 入库 1023 条
[17:23:53] OK   603551 奥普科技: 入库 1023 条
[17:23:55] OK   601816 京沪高铁: 入库 1023 条
[17:23:57] OK   688278 特宝生物: 入库 1023 条
[17:23:59] OK   688158 优刻得: 入库 1023 条
[17:24:02] OK   688100 威胜信息: 入库 1023 条
[17:24:04] OK   688026 洁特生物: 入库 1023 条
[17:24:06] OK   300815 玉禾田: 入库 1023 条
[17:24:08] OK   688159 有方科技: 入库 1023 条
[17:24:10] OK   688266 泽璟制药: 入库 1023 条
[17:24:13] OK   603290 斯达半导: 入库 1023 条
[17:24:15] OK   002975 博杰股份: 入库 1023 条
[17:24:17] OK   688298 东方生物: 入库 1023 条
[17:24:19] OK   603195 公牛集团: 入库 1023 条
[17:24:21] OK   603893 瑞芯微: 入库 1023 条
[17:24:24] OK   300816 艾可蓝: 入库 1023 条
[17:24:26] OK   688186 广大特材: 入库 1023 条
[17:24:28] OK   688398 赛特新材: 入库 1023 条
[17:24:30] OK   300818 耐普矿机: 入库 1023 条
[17:24:33] OK   688080 映翰通: 入库 1023 条
[17:24:35] OK   300820 英杰电气: 入库 1023 条
[17:24:37] OK   688208 道通科技: 入库 1023 条
[17:24:39] OK   688090 瑞松科技: 入库 1023 条
[17:24:41] OK   300817 双飞集团: 入库 1023 条
[17:24:44] OK   688200 华峰测控: 入库 1023 条
[17:24:46] OK   688169 石头科技: 入库 1023 条
[17:24:48] OK   688177 百奥泰: 入库 1023 条
[17:24:50] OK   688233 神工股份: 入库 1023 条
[17:24:52] OK   603719 良品铺子: 入库 1023 条
[17:24:55] OK   601696 中银证券: 入库 1023 条
[17:24:57] OK   688396 华润微: 入库 1023 条
[17:24:59] OK   603948 建业股份: 入库 1023 条
[17:25:01] OK   002976 瑞玛精密: 入库 1023 条
[17:25:03] OK   603949 雪龙集团: 入库 1023 条
[17:25:05] OK   300819 聚杰微纤: 入库 1023 条
[17:25:08] OK   300821 东岳硅材: 入库 1023 条
[17:25:10] OK   300822 贝仕达克: 入库 1023 条
[17:25:12] OK   002977 *ST天箭: 入库 1023 条
[17:25:14] OK   300823 建科智能: 入库 1023 条
[17:25:16] OK   688051 佳华科技: 入库 1023 条
[17:25:19] OK   603221 爱丽家居: 入库 1023 条
[17:25:21] OK   688189 ST南新: 入库 1023 条
[17:25:23] OK   300825 阿尔特: 入库 1023 条
[17:25:25] OK   688228 开普云: 入库 1023 条
[17:25:27] OK   300826 测绘股份: 入库 1023 条
[17:25:30] OK   603353 和顺石油: 入库 1023 条
[17:25:32] OK   002979 雷赛智能: 入库 1023 条
[17:25:34] OK   688085 三友医疗: 入库 1023 条
[17:25:36] OK   688096 京源环保: 入库 1023 条
[17:25:39] OK   300827 上能电气: 入库 1023 条
[17:25:41] OK   002980 华盛昌: 入库 1023 条
[17:25:43] OK   603095 越剑智能: 入库 1023 条
[17:25:45] OK   688222 成都先导: 入库 1023 条
[17:25:48] OK   002978 安宁股份: 入库 1023 条
[17:25:50] OK   002981 朝阳科技: 入库 1023 条
[17:25:52] OK   688126 沪硅产业: 入库 1023 条
[17:25:54] OK   300828 锐新科技: 入库 1023 条
[17:25:56] OK   603682 锦和商管: 入库 1023 条
[17:25:58] OK   300829 金丹科技: 入库 1023 条
[17:26:01] OK   601609 金田股份: 入库 1023 条
[17:26:03] OK   002982 湘佳股份: 入库 1023 条
[17:26:05] OK   688318 财富趋势: 入库 1023 条
[17:26:07] OK   002983 芯瑞达: 入库 1023 条
[17:26:09] OK   603439 三力制药: 入库 1023 条
[17:26:12] OK   002985 北摩高科: 入库 1023 条
[17:26:14] OK   603392 万泰生物: 入库 1023 条
[17:26:16] OK   688365 光云科技: 入库 1023 条
[17:26:18] OK   603212 赛伍技术: 入库 1023 条
[17:26:20] OK   300830 金现代: 入库 1023 条
[17:26:23] OK   002987 京北方: 入库 1023 条
[17:26:25] OK   300831 ST派瑞: 入库 1023 条
[17:26:26] ---- 本批完成，累计 1200/3200 ----
[17:26:26] 批间暂停 30 秒...
[17:26:56] ---- 第 13/32 批（本批 100 只） ----
[17:26:57] OK   688466 金科环境: 入库 1023 条
[17:26:59] OK   688588 凌志软件: 入库 1023 条
[17:27:01] OK   300832 新产业: 入库 1023 条
[17:27:03] OK   002988 豪美新材: 入库 1023 条
[17:27:06] OK   688566 吉贝尔: 入库 1023 条
[17:27:08] OK   688598 金博股份: 入库 1023 条
[17:27:10] OK   601778 晶科科技: 入库 1023 条
[17:27:12] OK   300833 浩洋股份: 入库 1023 条
[17:27:14] OK   688516 奥特维: 入库 1023 条
[17:27:17] OK   605001 威奥股份: 入库 1023 条
[17:27:19] OK   002990 盛视科技: 入库 1023 条
[17:27:21] OK   300835 龙磁科技: 入库 1023 条
[17:27:23] OK   603950 长源东谷: 入库 1023 条
[17:27:25] OK   300836 佰奥智能: 入库 1023 条
[17:27:28] OK   605168 三人行: 入库 1023 条
[17:27:30] OK   605288 凯迪股份: 入库 1023 条
[17:27:32] OK   002986 宇新股份: 入库 1023 条
[17:27:34] OK   688360 德马科技: 入库 1023 条
[17:27:36] OK   600918 中泰证券: 入库 1023 条
[17:27:39] OK   300837 浙矿股份: 入库 1023 条
[17:27:41] OK   601827 三峰环境: 入库 1023 条
[17:27:43] OK   300838 浙江力诺: 入库 1023 条
[17:27:45] OK   601399 国机重装: 入库 1023 条
[17:27:47] OK   688312 燕麦科技: 入库 1023 条
[17:27:50] OK   688157 松井股份: 入库 1023 条
[17:27:52] OK   002989 中天精装: 入库 1023 条
[17:27:54] OK   688599 天合光能: 入库 1023 条
[17:27:56] OK   688004 博汇科技: 入库 1023 条
[17:27:58] OK   300841 康华生物: 入库 1023 条
[17:28:01] OK   688106 金宏气体: 入库 1023 条
[17:28:03] OK   300842 帝科股份: 入库 1023 条
[17:28:05] OK   605166 聚合顺: 入库 1023 条
[17:28:07] OK   300824 北鼎股份: 入库 1023 条
[17:28:10] OK   688505 复旦张江: 入库 1023 条
[17:28:12] OK   688518 联赢激光: 入库 1023 条
[17:28:14] OK   688520 神州细胞: 入库 1023 条
[17:28:16] OK   600956 新天绿能: 入库 1023 条
[17:28:18] OK   603087 甘李药业: 入库 1023 条
[17:28:21] OK   300839 博汇股份: 入库 1023 条
[17:28:23] OK   688558 国盛智科: 入库 1023 条
[17:28:25] OK   300846 首都在线: 入库 1023 条
[17:28:27] OK   688528 秦川物联: 入库 1023 条
[17:28:29] OK   300843 胜蓝股份: 入库 1023 条
[17:28:32] OK   300845 捷安高科: 入库 1023 条
[17:28:34] OK   688600 皖仪科技: 入库 1023 条
[17:28:36] OK   688277 天智航: 入库 1023 条
[17:28:38] OK   300840 酷特智能: 入库 1023 条
[17:28:41] OK   688377 迪威尔: 入库 1023 条
[17:28:43] OK   688568 中科星图: 入库 1023 条
[17:28:45] OK   300847 中船汉光: 入库 1023 条
[17:28:47] OK   688027 国盾量子: 入库 1023 条
[17:28:49] OK   300849 锦盛新材: 入库 1023 条
[17:28:51] OK   605199 ST葫芦娃: 入库 1023 条
[17:28:54] OK   688060 云涌科技: 入库 1023 条
[17:28:56] OK   300850 新强联: 入库 1023 条
[17:28:58] OK   300852 四会富仕: 入库 1023 条
[17:29:00] OK   688309 恒誉环保: 入库 1023 条
[17:29:03] OK   688165 埃夫特: 入库 1023 条
[17:29:05] OK   688180 君实生物: 入库 1023 条
[17:29:07] OK   605108 同庆楼: 入库 1023 条
[17:29:09] OK   688500 慧辰股份: 入库 1023 条
[17:29:11] OK   688981 中芯国际: 入库 1023 条
[17:29:14] OK   300851 交大思诺: 入库 1023 条
[17:29:16] OK   688567 孚能科技: 入库 1023 条
[17:29:18] OK   688579 地纬智能: 入库 1023 条
[17:29:20] OK   300848 美瑞新材: 入库 1023 条
[17:29:22] OK   688488 艾迪药业: 入库 1023 条
[17:29:25] OK   688580 伟思医疗: 入库 1023 条
[17:29:27] OK   300856 科思股份: 入库 1023 条
[17:29:29] OK   688069 德林海: 入库 1023 条
[17:29:31] OK   688077 大地熊: 入库 1023 条
[17:29:33] OK   688336 三生国健: 入库 1023 条
[17:29:36] OK   688418 震有科技: 入库 1023 条
[17:29:38] OK   688508 芯朋微: 入库 1023 条
[17:29:40] OK   688561 奇安信: 入库 1023 条
[17:29:42] OK   688589 力合微: 入库 1023 条
[17:29:45] OK   300855 图南股份: 入库 1023 条
[17:29:47] OK   300853 申昊科技: 入库 1023 条
[17:29:49] OK   300857 协创数据: 入库 1023 条
[17:29:51] OK   300858 科拓生物: 入库 1023 条
[17:29:53]     重试 920010 凯添燃气 第 1/3 次（等待 5s）
[17:29:58]     重试 920010 凯添燃气 第 2/3 次（等待 10s）
[17:30:09]     重试 920010 凯添燃气 第 3/3 次（等待 20s）
[17:30:30] FAIL 920010 凯添燃气: 重试3次仍失败: 返回空数据
[17:30:31]     重试 920021 流金科技 第 1/3 次（等待 5s）
[17:30:37]     重试 920021 流金科技 第 2/3 次（等待 10s）
[17:30:47]     重试 920021 流金科技 第 3/3 次（等待 20s）
[17:31:08] FAIL 920021 流金科技: 重试3次仍失败: 返回空数据
[17:31:09]     重试 920149 旭杰科技 第 1/3 次（等待 5s）
[17:31:15]     重试 920149 旭杰科技 第 2/3 次（等待 10s）
[17:31:26]     重试 920149 旭杰科技 第 3/3 次（等待 20s）
[17:31:46] FAIL 920149 旭杰科技: 重试3次仍失败: 返回空数据
[17:31:48]     重试 920163 方大新材 第 1/3 次（等待 5s）
[17:31:54]     重试 920163 方大新材 第 2/3 次（等待 10s）
[17:32:04]     重试 920163 方大新材 第 3/3 次（等待 20s）
[17:32:25] FAIL 920163 方大新材: 重试3次仍失败: 返回空数据
[17:32:26]     重试 920167 同享科技 第 1/3 次（等待 5s）
[17:32:32]     重试 920167 同享科技 第 2/3 次（等待 10s）
[17:32:43]     重试 920167 同享科技 第 3/3 次（等待 20s）
[17:33:03] FAIL 920167 同享科技: 重试3次仍失败: 返回空数据
[17:33:05]     重试 920184 国源科技 第 1/3 次（等待 5s）
[17:33:11]     重试 920184 国源科技 第 2/3 次（等待 10s）
[17:33:21]     重试 920184 国源科技 第 3/3 次（等待 20s）
[17:33:42] FAIL 920184 国源科技: 重试3次仍失败: 返回空数据
[17:33:44]     重试 920185 贝特瑞 第 1/3 次（等待 5s）
[17:33:49]     重试 920185 贝特瑞 第 2/3 次（等待 10s）
[17:34:00]     重试 920185 贝特瑞 第 3/3 次（等待 20s）
[17:34:20] FAIL 920185 贝特瑞: 重试3次仍失败: 返回空数据
[17:34:22]     重试 920198 微创光电 第 1/3 次（等待 5s）
[17:34:28]     重试 920198 微创光电 第 2/3 次（等待 10s）
[17:34:38]     重试 920198 微创光电 第 3/3 次（等待 20s）
[17:34:59] FAIL 920198 微创光电: 重试3次仍失败: 返回空数据
[17:35:01]     重试 920242 建邦科技 第 1/3 次（等待 5s）
[17:35:06]     重试 920242 建邦科技 第 2/3 次（等待 10s）
[17:35:17]     重试 920242 建邦科技 第 3/3 次（等待 20s）
[17:35:38] FAIL 920242 建邦科技: 重试3次仍失败: 返回空数据
[17:35:39]     重试 920263 中航泰达 第 1/3 次（等待 5s）
[17:35:45]     重试 920263 中航泰达 第 2/3 次（等待 10s）
[17:35:56]     重试 920263 中航泰达 第 3/3 次（等待 20s）
[17:36:16] FAIL 920263 中航泰达: 重试3次仍失败: 返回空数据
[17:36:18]     重试 920266 生物谷 第 1/3 次（等待 5s）
[17:36:23]     重试 920266 生物谷 第 2/3 次（等待 10s）
[17:36:34]     重试 920266 生物谷 第 3/3 次（等待 20s）
[17:36:55] FAIL 920266 生物谷: 重试3次仍失败: 返回空数据
[17:36:56]     重试 920278 鹿得医疗 第 1/3 次（等待 5s）
[17:37:02]     重试 920278 鹿得医疗 第 2/3 次（等待 10s）
[17:37:13]     重试 920278 鹿得医疗 第 3/3 次（等待 20s）
[17:37:33] FAIL 920278 鹿得医疗: 重试3次仍失败: 返回空数据
[17:37:35]     重试 920368 连城数控 第 1/3 次（等待 5s）
[17:37:40]     重试 920368 连城数控 第 2/3 次（等待 10s）
[17:37:51]     重试 920368 连城数控 第 3/3 次（等待 20s）
[17:38:12] FAIL 920368 连城数控: 重试3次仍失败: 返回空数据
[17:38:13]     重试 920370 新安洁 第 1/3 次（等待 5s）
[17:38:19]     重试 920370 新安洁 第 2/3 次（等待 10s）
[17:38:30]     重试 920370 新安洁 第 3/3 次（等待 20s）
[17:38:50] FAIL 920370 新安洁: 重试3次仍失败: 返回空数据
[17:38:52]     重试 920415 恒拓开源 第 1/3 次（等待 5s）
[17:38:57]     重试 920415 恒拓开源 第 2/3 次（等待 10s）
[17:39:08]     重试 920415 恒拓开源 第 3/3 次（等待 20s）
[17:39:29] FAIL 920415 恒拓开源: 重试3次仍失败: 返回空数据
[17:39:31]     重试 920418 苏轴股份 第 1/3 次（等待 5s）
[17:39:36]     重试 920418 苏轴股份 第 2/3 次（等待 10s）
[17:39:47]     重试 920418 苏轴股份 第 3/3 次（等待 20s）
[17:40:08] FAIL 920418 苏轴股份: 重试3次仍失败: 返回空数据
[17:40:10]     重试 920433 大唐药业 第 1/3 次（等待 5s）
[17:40:16]     重试 920433 大唐药业 第 2/3 次（等待 10s）
[17:40:27]     重试 920433 大唐药业 第 3/3 次（等待 20s）
[17:40:47] FAIL 920433 大唐药业: 重试3次仍失败: 返回空数据
[17:40:49]     重试 920445 龙竹科技 第 1/3 次（等待 5s）
[17:40:55]     重试 920445 龙竹科技 第 2/3 次（等待 10s）
[17:41:06]     重试 920445 龙竹科技 第 3/3 次（等待 20s）
[17:41:27] FAIL 920445 龙竹科技: 重试3次仍失败: 返回空数据
[17:41:28]     重试 920475 三友科技 第 1/3 次（等待 5s）
[17:41:34]     重试 920475 三友科技 第 2/3 次（等待 10s）
[17:41:45]     重试 920475 三友科技 第 3/3 次（等待 20s）
[17:42:06] FAIL 920475 三友科技: 重试3次仍失败: 返回空数据
[17:42:07]     重试 920489 佳先股份 第 1/3 次（等待 5s）
[17:42:13]     重试 920489 佳先股份 第 2/3 次（等待 10s）
[17:42:24]     重试 920489 佳先股份 第 3/3 次（等待 20s）
[17:42:44] FAIL 920489 佳先股份: 重试3次仍失败: 返回空数据
[17:42:45] ---- 本批完成，累计 1300/3200 ----
[17:42:45] 批间暂停 30 秒...
[17:43:15] ---- 第 14/32 批（本批 100 只） ----
[17:43:16]     重试 920508 殷图网联 第 1/3 次（等待 5s）
[17:43:22]     重试 920508 殷图网联 第 2/3 次（等待 10s）
[17:43:32]     重试 920508 殷图网联 第 3/3 次（等待 20s）
[17:43:53] FAIL 920508 殷图网联: 重试3次仍失败: 返回空数据
[17:43:55]     重试 920640 富士达 第 1/3 次（等待 5s）
[17:44:00]     重试 920640 富士达 第 2/3 次（等待 10s）
[17:44:11]     重试 920640 富士达 第 3/3 次（等待 20s）
[17:44:32] FAIL 920640 富士达: 重试3次仍失败: 返回空数据
[17:44:33]     重试 920682 球冠电缆 第 1/3 次（等待 5s）
[17:44:39]     重试 920682 球冠电缆 第 2/3 次（等待 10s）
[17:44:49]     重试 920682 球冠电缆 第 3/3 次（等待 20s）
[17:45:10] FAIL 920682 球冠电缆: 重试3次仍失败: 返回空数据
[17:45:11]     重试 920729 永顺生物 第 1/3 次（等待 5s）
[17:45:17]     重试 920729 永顺生物 第 2/3 次（等待 10s）
[17:45:28]     重试 920729 永顺生物 第 3/3 次（等待 20s）
[17:45:48] FAIL 920729 永顺生物: 重试3次仍失败: 返回空数据
[17:45:50]     重试 920799 艾融软件 第 1/3 次（等待 5s）
[17:45:55]     重试 920799 艾融软件 第 2/3 次（等待 10s）
[17:46:06]     重试 920799 艾融软件 第 3/3 次（等待 20s）
[17:46:27] FAIL 920799 艾融软件: 重试3次仍失败: 返回空数据
[17:46:28]     重试 920819 颖泰生物 第 1/3 次（等待 5s）
[17:46:34]     重试 920819 颖泰生物 第 2/3 次（等待 10s）
[17:46:45]     重试 920819 颖泰生物 第 3/3 次（等待 20s）
[17:47:05] FAIL 920819 颖泰生物: 重试3次仍失败: 返回空数据
[17:47:07]     重试 920946 森萱医药 第 1/3 次（等待 5s）
[17:47:12]     重试 920946 森萱医药 第 2/3 次（等待 10s）
[17:47:23]     重试 920946 森萱医药 第 3/3 次（等待 20s）
[17:47:44] FAIL 920946 森萱医药: 重试3次仍失败: 返回空数据
[17:47:45]     重试 920961 创远信科 第 1/3 次（等待 5s）
[17:47:51]     重试 920961 创远信科 第 2/3 次（等待 10s）
[17:48:02]     重试 920961 创远信科 第 3/3 次（等待 20s）
[17:48:23] FAIL 920961 创远信科: 重试3次仍失败: 返回空数据
[17:48:24]     重试 920964 润农节水 第 1/3 次（等待 5s）
[17:48:30]     重试 920964 润农节水 第 2/3 次（等待 10s）
[17:48:41]     重试 920964 润农节水 第 3/3 次（等待 20s）
[17:49:01] FAIL 920964 润农节水: 重试3次仍失败: 返回空数据
[17:49:04] OK   605188 国光连锁: 入库 1023 条
[17:49:06] OK   688050 爱博医疗: 入库 1023 条
[17:49:08] OK   603408 建霖家居: 入库 1023 条
[17:49:10] OK   605118 力鼎光电: 入库 1023 条
[17:49:13] OK   002991 甘源食品: 入库 1023 条
[17:49:15] OK   601456 国联民生: 入库 1023 条
[17:49:17] OK   605222 起帆电缆: 入库 1023 条
[17:49:20] OK   688311 盟升电子: 入库 1023 条
[17:49:22] OK   688586 江航装备: 入库 1023 条
[17:49:24] OK   002992 宝明科技: 入库 1023 条
[17:49:26] OK   605318 法狮龙: 入库 1023 条
[17:49:29] OK   605399 晨光新材: 入库 1023 条
[17:49:31] OK   002995 天地在线: 入库 1023 条
[17:49:34] OK   605158 华达新材: 入库 1023 条
[17:49:36] OK   300859 西域旅游: 入库 1023 条
[17:49:38] OK   688338 赛科希德: 入库 1023 条
[17:49:41] OK   605066 天正电气: 入库 1023 条
[17:49:43] OK   688556 高测股份: 入库 1023 条
[17:49:45] OK   688286 敏芯股份: 入库 1023 条
[17:49:48] OK   688339 亿华通: 入库 1023 条
[17:49:50] OK   605100 华丰股份: 入库 1023 条
[17:49:52] OK   688155 先惠技术: 入库 1023 条
[17:49:55] OK   605366 宏柏新材: 入库 1023 条
[17:49:57] OK   688065 凯赛生物: 入库 1023 条
[17:49:59] OK   688313 仕佳光子: 入库 1023 条
[17:50:01] OK   688185 康希诺: 入库 1023 条
[17:50:04] OK   002993 奥海科技: 入库 1023 条
[17:50:06] OK   605088 冠盛股份: 入库 1023 条
[17:50:08] OK   688055 龙腾光电: 入库 1023 条
[17:50:11] OK   688229 博睿数据: 入库 1023 条
[17:50:13] OK   688335 复洁科技: 入库 1023 条
[17:50:15] OK   605333 沪光股份: 入库 1023 条
[17:50:18] OK   605388 均瑶健康: 入库 1023 条
[17:50:20] OK   688519 南亚新材: 入库 1023 条
[17:50:22] OK   688521 芯原股份: 入库 1023 条
[17:50:24] OK   603931 格林达: 入库 1023 条
[17:50:27] OK   688379 华光新材: 入库 1023 条
[17:50:29] OK   688393 安必平: 入库 1023 条
[17:50:31] OK   688596 正帆科技: 入库 1023 条
[17:50:33] OK   605008 长鸿高科: 入库 1023 条
[17:50:36] OK   605178 时空科技: 入库 1023 条
[17:50:38] OK   300860 锋尚文化: 入库 1023 条
[17:50:40] OK   300861 美畅股份: 入库 1023 条
[17:50:43] OK   300862 蓝盾光电: 入库 1023 条
[17:50:45] OK   300863 卡倍亿: 入库 1023 条
[17:50:47] OK   300864 南大环境: 入库 1023 条
[17:50:50] OK   300865 大宏立: 入库 1023 条
[17:51:01] ============================================================
[17:51:01] 开始分批补齐（batch=100, pause=30s, sleep=0.8s, max_batches=0, retries=3）
[17:51:02] 当前缺 K 线股票数: 1792
[17:51:02] 共 18 批
[17:51:02] ---- 第 1/18 批（本批 100 只） ----
[17:51:05] OK   920010 凯添燃气: 入库 1023 条
[17:51:08] OK   920021 流金科技: 入库 1023 条
[17:51:10] OK   920149 旭杰科技: 入库 1023 条
[17:51:14] OK   920163 方大新材: 入库 1023 条
[17:51:16] OK   920167 同享科技: 入库 1023 条
[17:51:19] OK   920184 国源科技: 入库 1023 条
[17:51:21] OK   920185 贝特瑞: 入库 1023 条
[17:51:24] OK   920198 微创光电: 入库 1023 条
[17:51:27] OK   920242 建邦科技: 入库 1023 条
[17:51:30] OK   920263 中航泰达: 入库 1023 条
[17:51:32] OK   920266 生物谷: 入库 1023 条
[17:51:36] OK   920278 鹿得医疗: 入库 1023 条
[17:51:38] OK   920368 连城数控: 入库 1023 条
[17:51:41] OK   920370 新安洁: 入库 1023 条
[17:51:43] OK   920415 恒拓开源: 入库 1023 条
[17:51:46] OK   920418 苏轴股份: 入库 1023 条
[17:51:48] OK   920433 大唐药业: 入库 1023 条
[17:51:50] OK   920445 龙竹科技: 入库 1023 条
[17:51:53] OK   920475 三友科技: 入库 1023 条
[17:51:55] OK   920489 佳先股份: 入库 1023 条
[17:51:57] OK   920508 殷图网联: 入库 1023 条
[17:52:00] OK   920640 富士达: 入库 1023 条
[17:52:02] OK   920682 球冠电缆: 入库 1023 条
[17:52:04] OK   920729 永顺生物: 入库 1023 条
[17:52:06] OK   920799 艾融软件: 入库 1023 条
[17:52:09] OK   920819 颖泰生物: 入库 1023 条
[17:52:12] OK   920946 森萱医药: 入库 1023 条
[17:52:14] OK   920961 创远信科: 入库 1023 条
[17:52:16] OK   920964 润农节水: 入库 1023 条
[17:52:26] OK   300866 安克创新: 入库 1448 条
[17:52:36] OK   300867 圣元环保: 入库 1448 条
[17:52:40] OK   300868 杰美特: 入库 1448 条
[17:52:45] OK   300869 康泰医学: 入库 1448 条
[17:52:47] OK   300870 欧陆通: 入库 1448 条
[17:52:50] OK   300871 回盛生物: 入库 1448 条
[17:52:52] OK   300872 天阳科技: 入库 1448 条
[17:52:55] OK   300873 海晨股份: 入库 1448 条
[17:52:59] OK   300875 捷强装备: 入库 1448 条
[17:53:04] OK   300876 蒙泰高新: 入库 1448 条
[17:53:14] OK   300877 金春股份: 入库 1448 条
[17:53:17] OK   300878 维康药业: 入库 1448 条
[17:53:20] OK   605123 派克新材: 入库 1447 条
[17:53:24] OK   605255 天普股份: 入库 1447 条
[17:53:28] OK   688356 键凯科技: 入库 1446 条
[17:53:31] OK   002996 顺博合金: 入库 1444 条
[17:53:35] OK   688017 绿的谐波: 入库 1444 条
[17:53:39] OK   688215 瑞晟智能: 入库 1444 条
[17:53:42] OK   688289 圣湘生物: 入库 1444 条
[17:53:49] OK   688408 中信博: 入库 1444 条
[17:53:52] OK   688569 铁科轨道: 入库 1443 条
[17:53:54] OK   300879 大叶股份: 入库 1442 条
[17:53:57] OK   300880 迦南智能: 入库 1442 条
[17:54:01] OK   300881 盛德鑫泰: 入库 1442 条
[17:54:09] OK   603155 新亚强: 入库 1442 条
[17:54:14] OK   688056 莱伯泰科: 入库 1441 条
[17:54:17] OK   688513 苑东生物: 入库 1441 条
[17:54:21] OK   688550 瑞联新材: 入库 1441 条
[17:54:25] OK   002997 瑞鹄模具: 入库 1440 条
[17:54:33] OK   002999 天禾股份: 入库 1440 条
[17:54:37] OK   605006 山东玻纤: 入库 1440 条
[17:54:41] OK   688378 奥来德: 入库 1440 条
[17:54:44] OK   688390 固德威: 入库 1439 条
[17:54:49] OK   601702 华峰铝业: 入库 1438 条
[17:54:52] OK   605003 众望布艺: 入库 1437 条
[17:54:57] OK   688095 福昕软件: 入库 1437 条
[17:55:02] OK   688559 海目星: 入库 1436 条
[17:55:06] OK   300882 万胜智能: 入库 1435 条
[17:55:14] OK   300883 龙利得: 入库 1435 条
[17:55:16] OK   300885 海昌新材: 入库 1435 条
[17:55:21] OK   688551 科威尔: 入库 1435 条
[17:55:24] OK   002984 森麒麟: 入库 1434 条
[17:55:28] OK   605009 豪悦护理: 入库 1434 条
[17:55:32] OK   605358 立昂微: 入库 1434 条
[17:55:35] OK   003000 劲仔食品: 入库 1433 条
[17:55:39] OK   605128 上海沿浦: 入库 1432 条
[17:55:41] OK   300886 华业香料: 入库 1431 条
[17:55:45] OK   300887 谱尼测试: 入库 1431 条
[17:55:52] OK   300889 爱克股份: 入库 1431 条
[17:55:55] OK   605369 拱东医疗: 入库 1431 条
[17:55:58] OK   688577 浙海德曼: 入库 1431 条
[17:56:01] OK   300888 稳健医疗: 入库 1430 条
[17:56:06] OK   300890 翔丰华: 入库 1430 条
[17:56:12] OK   300891 惠云钛业: 入库 1430 条
[17:56:14] OK   603112 华翔股份: 入库 1430 条
[17:56:19] OK   605198 安德利: 入库 1429 条
[17:56:22] OK   688301 奕瑞科技: 入库 1429 条
[17:56:25] OK   003003 天元股份: 入库 1428 条
[17:56:29] OK   003006 百亚股份: 入库 1428 条
[17:56:34] OK   605116 奥锐特: 入库 1428 条
[17:56:37] OK   688127 蓝特光学: 入库 1428 条
[17:56:41] OK   688536 思瑞浦: 入库 1428 条
[17:56:44] OK   003002 壶化股份: 入库 1427 条
[17:56:47] OK   003005 竞业达: 入库 1427 条
[17:56:51] OK   688156 路德科技: 入库 1427 条
[17:56:54] OK   688526 科前生物: 入库 1427 条
[17:56:57] OK   003007 直真科技: 入库 1426 条
[17:57:00] OK   003008 开普检测: 入库 1426 条
[17:57:07] OK   300892 品渥食品: 入库 1425 条
[17:57:11] OK   300893 松原安全: 入库 1425 条
[17:57:14] OK   300895 铜牛信息: 入库 1425 条
[17:57:15] ---- 本批完成，累计 100/1800 ----
[17:57:15] 批间暂停 30 秒...
[17:57:45] ---- 第 2/18 批（本批 100 只） ----
[17:57:47] OK   605050 福然德: 入库 1425 条
[17:57:51] OK   002998 优彩资源: 入库 1424 条
[17:57:55] OK   003009 中天火箭: 入库 1424 条
[17:58:01] OK   003010 若羽臣: 入库 1424 条
[17:58:05] OK   603565 中谷物流: 入库 1424 条
[17:58:09] OK   300896 爱美客: 入库 1423 条
[17:58:12] OK   300897 山科智能: 入库 1423 条
[17:58:19] OK   605111 新洁能: 入库 1423 条
[17:58:22] OK   605218 伟时电子: 入库 1423 条
[17:58:25] OK   688013 天臣医疗: 入库 1423 条
[17:58:29] OK   688585 上纬新材: 入库 1423 条
[17:58:31] OK   688595 芯海科技: 入库 1423 条
[17:58:35] OK   605018 长华集团: 入库 1422 条
[17:58:40] OK   605136 丽人丽妆: 入库 1422 条
[17:58:43] OK   003011 海象新材: 入库 1421 条
[17:58:46] OK   605099 共创草坪: 入库 1421 条
[17:58:51] OK   688093 世华科技: 入库 1421 条
[17:58:54] OK   605338 巴比食品: 入库 1419 条
[17:58:59] OK   003001 中岩大地: 入库 1418 条
[17:59:05] OK   300999 金龙鱼: 入库 1416 条
[17:59:08] OK   688330 宏力达: 入库 1416 条
[17:59:11] OK   300898 熊猫乳品: 入库 1415 条
[17:59:14] OK   300899 上海凯鑫: 入库 1415 条
[17:59:18] OK   688386 泛亚微透: 入库 1415 条
[17:59:21] OK   003012 东鹏控股: 入库 1414 条
[17:59:24] OK   605336 *ST帅电: 入库 1414 条
[17:59:28] OK   601568 北元化工: 入库 1413 条
[17:59:37] OK   003015 日久光电: 入库 1412 条
[17:59:41] OK   605058 澳弘电子: 入库 1412 条
[17:59:45] OK   003013 地铁设计: 入库 1411 条
[17:59:47] OK   688788 科思科技: 入库 1411 条
[17:59:52] OK   688129 东来技术: 入库 1410 条
[17:59:56] OK   003016 欣贺股份: 入库 1409 条
[18:00:01] OK   003017 大洋生物: 入库 1409 条
[18:00:13] OK   688179 阿拉丁: 入库 1409 条
[18:00:17] OK   601187 厦门银行: 入库 1408 条
[18:00:35] OK   688221 前沿生物: 入库 1407 条
[18:00:40] OK   300900 广联航空: 入库 1406 条
[18:01:12] OK   300901 中胤时尚: 入库 1406 条
